"longitude","latitude","count","pests","height","quality"
26.4027396602897,-28.5952321694888,7,"yes",1.84872443927864,"B"
26.400407319219,-28.6035816020418,6,"no",1.62030850312378,"D"
26.39703639169,-28.5971251345485,1,"yes",1.58735815424861,"A"
26.4001505440673,-28.5989250162523,3,"no",1.74923035651604,"B"
26.3988901782917,-28.6016781743089,5,"no",1.69566635240788,"D"
26.4031743726306,-28.6029638768044,6,"no",1.89202212490642,"C"
26.4016497423736,-28.5961994192754,2,"yes",1.52346472917954,"B"
26.3997165244499,-28.5996844462887,12,"yes",1.87732791076522,"B"
26.3991649336628,-28.603132691532,6,"no",1.49853903697598,"D"
26.4012310181232,-28.6027045802761,6,"no",1.88078010622574,"D"
26.404310519708,-28.5980214938908,4,"no",1.69112136748623,"C"
26.3980764554593,-28.5990784998283,2,"yes",1.67984558250584,"A"
26.4002260760007,-28.5954928109483,2,"no",1.78416921566183,"B"
26.4014642514619,-28.6052001424811,5,"no",1.66714454052901,"D"
26.3958683955123,-28.5959191708966,4,"yes",1.62098978511315,"A"
26.4022964270124,-28.605928824548,5,"no",1.6763779989199,"D"
26.4035513153711,-28.6011388027133,5,"no",1.48957258942084,"C"
26.3963994218756,-28.5967339025048,5,"no",1.80375609601131,"A"
26.3997007473364,-28.5976881575264,4,"yes",1.72326519868914,"B"
26.4005860046853,-28.601506193555,6,"no",1.79450793377391,"D"
26.3973785222209,-28.605699365996,6,"no",1.62656332284824,"D"
26.3999390200782,-28.6036650674784,5,"no",1.88793568453282,"D"
26.3996501299508,-28.5953991501091,6,"yes",1.8559733870086,"B"
26.4018915330243,-28.5982067550075,4,"no",1.76037916821034,"C"
26.3978229297589,-28.5988313629798,1,"no",1.56579353070472,"A"
26.401701789819,-28.6036151248962,5,"no",1.73112171153727,"D"
26.4013813651248,-28.6033621110344,5,"no",1.75794146804733,"D"
26.4006689402383,-28.6024000777053,4,"no",1.74462134181384,"D"
26.4050107022517,-28.5953762679368,8,"no",1.82202868358044,"C"
26.4005757092196,-28.604111740842,5,"no",1.83169962188767,"D"
26.3976699126063,-28.600256347576,1,"yes",1.91513601966861,"A"
26.398632241241,-28.5976822439452,2,"yes",2.08345181915651,"B"
26.397758935518,-28.6056352606992,6,"no",1.48028600463229,"D"
26.4006857861212,-28.6036053861929,4,"no",1.71460198800849,"D"
26.402516393847,-28.608195166995,7,"no",1.90754320631847,"D"
26.3972039731634,-28.5997718000897,2,"no",1.77823597613419,"A"
26.4004887270065,-28.594508677657,4,"yes",1.95664077457573,"B"
26.3945795252271,-28.5969169891842,5,"no",1.58028283081268,"A"
26.4015236369639,-28.6029541858546,7,"no",1.90396632618986,"D"
26.3980191614487,-28.5960683994706,3,"yes",1.77331271287136,"B"
26.3998840258323,-28.6001121981042,5,"no",1.92145005739855,"D"
26.3993901850479,-28.604078628904,4,"no",1.69363570283259,"D"
26.4001050340927,-28.5942304488168,2,"yes",1.73839759133594,"B"
26.4001333009191,-28.6022667059681,4,"no",1.64003561319532,"D"
26.401861440816,-28.603590488317,4,"no",1.82572726919197,"D"
26.39955285029,-28.602791964693,6,"no",1.65175463953625,"D"
26.4040823489554,-28.6028318385145,8,"no",1.64648279803295,"C"
26.3964302165903,-28.5973399320133,2,"yes",1.74720142866416,"A"
26.4011424373384,-28.5963421422334,3,"yes",1.67421862862056,"B"
26.3997608875075,-28.6056243138972,11,"no",1.6429303627,"D"
26.3989347358723,-28.5962128038247,2,"no",1.63802472803803,"B"
26.4010250303082,-28.5988563630336,7,"no",1.75804795409476,"B"
26.4011018171556,-28.5955823541575,4,"no",1.64584700668539,"B"
26.4030589319449,-28.5969117424428,9,"yes",1.78447766095619,"B"
26.4011711324139,-28.5985027645153,2,"yes",1.86001914847858,"B"
26.4005730240337,-28.6021408267608,6,"no",1.5763726693081,"D"
26.402955432354,-28.5951158665874,3,"yes",2.08199621396777,"B"
26.3988238847123,-28.6007466227837,1,"no",1.76646847488363,"A"
26.3994339759164,-28.6050442012803,5,"no",1.82875179022916,"D"
26.400034191089,-28.5994331518363,3,"yes",1.65220948605893,"B"
26.3992253024368,-28.6034228294047,10,"no",1.77710456215217,"D"
26.4011712991661,-28.6035254570307,4,"no",1.77597123052368,"D"
26.4045462813383,-28.5949737180952,6,"yes",1.60382495931636,"B"
26.4043629572757,-28.6030729458299,8,"no",1.66064959006112,"C"
26.4060858172783,-28.5945593451378,7,"no",1.76023524888937,"C"
26.40207541153,-28.6061439953044,8,"no",1.53137293042386,"D"
26.4002951718722,-28.6049446085409,6,"no",1.68444043874352,"D"
26.3974858385486,-28.5992097722158,1,"yes",1.60618959021428,"A"
26.3990396604148,-28.6036910332769,9,"no",1.47684933094744,"D"
26.399088591685,-28.5991962372646,3,"no",1.53355141754828,"A"
26.4017606374944,-28.594012569967,3,"yes",1.49140294506443,"B"
26.3990823431679,-28.5971815091269,2,"yes",2.04379500060901,"B"
26.4005080354167,-28.5975774369513,3,"yes",1.87466859083774,"B"
26.4016814717391,-28.6036464563542,5,"no",1.44856291901805,"D"
26.3980274268566,-28.5957538708479,3,"no",1.65142143660484,"B"
26.4003899730628,-28.6049008679459,7,"no",1.76894753626206,"D"
26.3976483560134,-28.5984972760242,8,"yes",1.46526147796633,"A"
26.3988691017505,-28.6018665967758,10,"no",1.58527155205986,"D"
26.4004027403154,-28.6012352294329,4,"no",1.63125242522818,"D"
26.4000601617338,-28.6058286477148,5,"no",1.99358881106639,"D"
26.4021523720058,-28.601796891253,6,"no",1.62970680834224,"C"
26.3979363880487,-28.6073375057933,5,"no",1.95525952067597,"D"
26.402593481888,-28.5993876789143,5,"no",1.7952623413738,"C"
26.3984196758086,-28.5991472101229,6,"yes",1.73352497187421,"A"
26.4026770078497,-28.594371579098,7,"yes",1.55139577921078,"B"
26.4019518758757,-28.5963796930632,4,"yes",1.68453996210243,"B"
26.3990565111179,-28.6039201758934,8,"no",1.89826450718671,"D"
26.4037900253386,-28.6033616026648,6,"no",1.78383650313037,"C"
26.4002530476012,-28.6011084066329,6,"no",2.03071403642836,"D"
26.3982240202199,-28.5995627432711,2,"yes",1.82565925118672,"A"
26.3974314895219,-28.6021804221282,7,"yes",1.69117833562774,"A"
26.3976530321667,-28.5956585682584,4,"yes",1.72379406030802,"B"
26.3984423566947,-28.5950763429229,5,"yes",1.77586998349972,"B"
26.399349022813,-28.5979955282809,8,"no",1.61844738047713,"B"
26.4004960043732,-28.5989147941792,2,"yes",1.620185344751,"B"
26.400100002736,-28.6017838218996,5,"no",1.78568413578848,"D"
26.3966392724396,-28.6040748017693,7,"no",1.86206730601645,"D"
26.4003195665123,-28.5974903947572,3,"yes",1.55584913060848,"B"
26.4002152426522,-28.6022243999251,5,"no",1.81478151282598,"D"
26.3991109301827,-28.6003465488847,3,"yes",1.72050949244558,"A"
26.4012113924959,-28.6001585896585,5,"no",1.73356722768417,"C"
26.403911096201,-28.594888965998,3,"yes",1.64412183030939,"B"
26.3973158027918,-28.6030568467431,8,"no",1.6585947738664,"D"
26.4015824639467,-28.5960829675418,15,"yes",1.59231710640491,"B"
26.4013517364347,-28.6045687241429,5,"no",1.56365115782665,"D"
26.4009092274249,-28.6023468726396,10,"no",1.83432791336407,"D"
26.4007676821079,-28.6045608821281,7,"no",1.74599599414251,"D"
26.4041330687221,-28.5989903710576,4,"no",1.98588275016741,"C"
26.4016356058402,-28.5954651351393,3,"yes",1.83827500393664,"B"
26.399092214604,-28.5996988715983,1,"yes",1.81153172153528,"A"
26.3994723315068,-28.5979989779331,6,"yes",1.86485821786113,"B"
26.4016976014133,-28.5953458408552,3,"yes",1.4506466337725,"B"
26.4009674941882,-28.5981987449513,3,"yes",1.63495584968052,"B"
26.3979990321507,-28.5946894415744,2,"no",1.68582808471142,"B"
26.3983591295701,-28.5957151294081,4,"yes",1.90911450143254,"B"
26.4010768668908,-28.5962031696209,6,"yes",1.65870646767183,"B"
26.3990721642359,-28.6007010648562,1,"yes",1.98232548661925,"A"
26.3985740451676,-28.6023343770994,9,"no",1.99152137391517,"D"
26.4011648474259,-28.5946875843217,4,"yes",1.68390964891625,"B"
26.3972702121374,-28.6007166132179,3,"no",1.87606256542821,"A"
26.3972926346931,-28.5984572183112,2,"yes",1.60239175719593,"A"
26.397177699141,-28.600186564747,3,"yes",1.84620357267873,"A"
26.3972931640832,-28.6012514177475,2,"no",1.69078038108408,"A"
26.4007573138978,-28.5958868331914,2,"yes",1.73918185523384,"B"
26.4004216194772,-28.5993252421282,2,"no",1.79808586357686,"B"
26.4023210103804,-28.6003176920127,3,"no",1.86610658669146,"C"
26.3968951559603,-28.6032162024618,8,"no",1.91749353363621,"D"
26.3992751282354,-28.5992923811862,6,"yes",1.84663762013169,"B"
26.3993141722995,-28.6060479362053,5,"no",1.88151037282014,"D"
26.3974541241283,-28.598651720781,6,"no",1.57709578568209,"A"
26.4016338455791,-28.5930454363019,4,"yes",1.71734549996758,"B"
26.4023831644049,-28.6003214046682,12,"no",1.80182427141033,"C"
26.4026977526032,-28.602428468521,5,"no",1.49457174767107,"C"
26.400505299932,-28.6007190844661,7,"no",1.95441929637983,"D"
26.3966850290303,-28.5985582687264,2,"no",1.74107142452667,"A"
26.4026231983792,-28.5934088334386,3,"yes",1.92025640904011,"B"
26.3966723660089,-28.6040614135165,5,"no",1.77542344478305,"D"
26.4001532384799,-28.6076190319466,7,"no",1.99044650062567,"D"
26.3979201979858,-28.6020724407711,8,"no",1.86203812696793,"D"
26.4024716033378,-28.607383958996,12,"no",1.91082909973847,"D"
26.3996902071509,-28.6055709216551,7,"no",1.67087089645866,"D"
26.4018518453977,-28.6014745817922,5,"no",1.68974953030506,"C"
26.3974012926096,-28.6015072614143,3,"yes",1.94699913079572,"A"
26.3983090166106,-28.5990426819681,1,"yes",1.68461364305617,"A"
26.3998343421585,-28.6013218210807,9,"no",1.64132922956322,"D"
26.4025138748558,-28.5973931272681,2,"yes",1.67423284383392,"B"
26.4011512441794,-28.5932185998238,8,"yes",1.4739108012845,"B"
26.3973198744364,-28.6008355985003,3,"yes",1.82823899111259,"A"
26.4022040536094,-28.5983596430309,6,"no",1.73991749304146,"C"
26.3977260130971,-28.5922119828419,2,"no",1.79102380100105,"B"
26.4003790180272,-28.5975127007809,4,"no",1.64393797778345,"B"
26.4019104020511,-28.6020684330196,5,"no",1.75502429498528,"D"
26.4009887114911,-28.6041959163564,5,"no",1.59818341942781,"D"
26.3943837525725,-28.596744034932,2,"yes",1.75297389061054,"A"
26.3995641325688,-28.6008627189209,9,"no",1.66862465779464,"D"
26.4017440021502,-28.5964707276668,4,"yes",1.80256568634217,"B"
26.4008850249109,-28.5998885095335,4,"no",1.84053332832177,"C"
26.400759397863,-28.5957640327065,2,"no",1.66150989912964,"B"
26.3999830971642,-28.5980533181059,4,"no",1.71351365982546,"B"
26.3957174003694,-28.5946920283951,14,"no",1.84494131499628,"B"
26.4042609100882,-28.6045533935188,7,"no",1.74843784912987,"D"
26.3969698046683,-28.5943087280287,4,"no",1.8188114596168,"B"
26.4005926294629,-28.5967189604799,4,"no",1.61297911937939,"B"
26.4013963763003,-28.6029200909277,5,"no",1.78624483688933,"D"
26.4033025777086,-28.5941550377043,3,"no",1.66633897121313,"B"
26.4021968325501,-28.5996282092459,3,"no",1.92446581171587,"C"
26.3972733147474,-28.6018394072125,3,"yes",1.85356694203056,"A"
26.4016326497551,-28.6025304992512,5,"no",1.85500907344097,"D"
26.3982074272704,-28.5914080065994,4,"yes",1.41464551494305,"B"
26.3985637497054,-28.6045399310992,4,"no",1.90397806632189,"D"
26.4006587423558,-28.6006362806769,3,"no",1.61387322835967,"C"
26.3991829994396,-28.6004509173737,2,"yes",1.8875127145323,"A"
26.398057877467,-28.6059541447728,9,"no",1.59075419765479,"D"
26.3966893108277,-28.5963228161243,5,"yes",1.63147213040054,"B"
26.3955854150233,-28.5959326281367,9,"no",1.67119231556945,"A"
26.3988340378667,-28.6053478466395,6,"no",1.85716494690614,"D"
26.4007209669356,-28.602626015887,7,"no",1.89721669241323,"D"
26.3988431703631,-28.5936209586471,3,"no",1.65647987626064,"B"
26.3998840575245,-28.5990601360714,3,"yes",1.57975766607483,"B"
26.3973868805048,-28.5956269630688,2,"no",1.95679611439948,"B"
26.3993262572378,-28.6026218029856,8,"no",1.73220330795739,"D"
26.4050880764537,-28.6041916642438,4,"no",1.76647530082838,"C"
26.3986209797757,-28.6014972935935,5,"no",1.82330403289127,"D"
26.3971006758924,-28.5958273406129,2,"yes",1.58668097546298,"B"
26.4027766095921,-28.6006080562754,4,"no",1.55554897662386,"C"
26.402958263581,-28.5977182603694,4,"no",1.56459537767069,"C"
26.3989061440903,-28.5937805580498,6,"yes",1.88780649823873,"B"
26.3986601259586,-28.5950986083343,2,"no",1.67682039573365,"B"
26.3993669047737,-28.5951103422616,2,"yes",1.79950930474102,"B"
26.4018598069861,-28.6030462993446,10,"no",1.63030353605064,"D"
26.3960292074748,-28.6015460864101,4,"no",1.86792256942557,"A"
26.4026656453472,-28.6007706220717,8,"no",1.88654357200951,"C"
26.3995312958773,-28.6048351768629,8,"no",1.63196113849709,"D"
26.4007088558761,-28.5977512850077,3,"no",1.90990877313463,"B"
26.3977096901463,-28.604101812023,5,"no",1.6736547955249,"D"
26.400152177552,-28.5968626610368,3,"no",1.92113610514111,"B"
26.4015288617123,-28.5982235879935,3,"no",1.7296418923157,"B"
26.3992620066348,-28.6026062351361,4,"no",1.71102629006401,"D"
26.4032578879813,-28.5975862226581,4,"no",1.77235187783197,"C"
26.400388721384,-28.5986759532731,9,"yes",1.81843940094102,"B"
26.4041555327413,-28.6031465476029,3,"no",1.69592917589916,"C"
26.3995698568361,-28.5981943195078,4,"yes",1.63657741055159,"B"
26.4017281365236,-28.5968796198298,2,"yes",1.86711160310878,"B"
26.3975903030935,-28.601423112127,3,"yes",1.86402685660605,"A"
26.4037811987302,-28.6039388574548,9,"no",1.81202160717569,"D"
26.3979056913457,-28.5963116515794,2,"yes",1.75926730385834,"B"
26.400732353064,-28.6044472197162,6,"no",1.8681898299383,"D"
26.4024372840099,-28.6019367211624,3,"no",1.73565119302329,"C"
26.3998753028236,-28.598342501214,3,"yes",1.8106516753773,"B"
26.3999061303971,-28.5956467813811,4,"no",1.83318162657782,"B"
26.4025636506955,-28.5973033885404,3,"no",1.85151930088872,"B"
26.4004002103491,-28.5952886829747,3,"yes",1.83706116554767,"B"
26.4026036447008,-28.6058842807186,5,"no",1.7845165582635,"D"
26.3974746749794,-28.5982141712618,3,"no",1.64824765381086,"A"
26.4011534219164,-28.5961477556445,3,"yes",1.8915049305653,"B"
26.3984173852013,-28.5967451005979,4,"yes",1.60755373263044,"B"
26.4015604591344,-28.5980450876397,4,"no",1.8025655394303,"B"
26.3987066248895,-28.595582664666,4,"no",1.89052255722309,"B"
26.3971473619906,-28.5975972504291,3,"yes",1.7484098111645,"A"
26.4006187300488,-28.6005178116874,4,"no",1.39262238761785,"C"
26.4007035908525,-28.593219642417,2,"yes",1.75176092987728,"B"
26.4001931668957,-28.6026385240067,4,"no",1.76498822321937,"D"
26.4021189079898,-28.6079163734103,5,"no",1.91902061645203,"D"
26.4032638362855,-28.5978132596639,5,"no",1.64695128751596,"C"
26.3997015050687,-28.6009442395972,5,"no",1.86430849290132,"D"
26.3988054881641,-28.6030625802321,6,"no",1.65221214609646,"D"
26.4000879377206,-28.5995926476605,5,"no",1.57655221360062,"B"
26.3984262201799,-28.5979222794994,3,"no",1.6918457183464,"B"
26.3992958270235,-28.6037887205213,5,"no",1.92299782507617,"D"
26.3991282049469,-28.5979778124773,3,"yes",1.72809979573998,"B"
26.4003330621005,-28.6003022596103,4,"no",1.7044446141713,"C"
26.4014043465253,-28.5966348642984,3,"yes",1.90758854566679,"B"
26.4009449370378,-28.6012352447124,5,"no",1.76772736150515,"D"
26.4002656802224,-28.603496025616,5,"no",1.9458482269743,"D"
26.4029581614169,-28.6008559655146,5,"no",1.87870019509402,"C"
26.4013266322948,-28.5948257183766,5,"yes",1.81145395260325,"B"
26.401627699301,-28.5968293948414,2,"yes",2.00518485053568,"B"
26.4025261396065,-28.5988040862003,4,"no",1.85168659143205,"C"
26.400620328814,-28.5939470250701,7,"no",1.79709052016813,"B"
26.4010586262867,-28.6039923478845,4,"no",1.43488195113162,"D"
26.4034444317493,-28.5977432869499,4,"no",1.59645863017925,"C"
26.4000001568002,-28.5942393798909,2,"yes",1.74688730201403,"B"
26.3992019769398,-28.5983763541376,3,"yes",1.76471992531728,"B"
26.3973285621356,-28.6017994366595,1,"no",1.83407743045398,"A"
26.4002047109025,-28.5977464021456,3,"no",1.89189470785011,"B"
26.4005401852076,-28.5988337952262,4,"no",1.68188636476214,"B"
26.3997544867958,-28.597005192978,6,"yes",2.06336998910181,"B"
26.3981836233573,-28.6023967267147,6,"no",1.83757311787131,"D"
26.3980786285058,-28.6000216545384,2,"yes",1.62249121792658,"A"
26.3954440041732,-28.5955355036542,8,"no",1.9051069791721,"A"
26.3981365819578,-28.6028291534768,6,"no",1.74678715691974,"D"
26.3993772508782,-28.5983957484108,3,"yes",1.68529141505925,"B"
26.4008802350059,-28.5977262806668,5,"no",1.87054486824319,"B"
26.399025519897,-28.6019047084803,4,"no",1.85609346560568,"D"
26.4025617584535,-28.5947629247373,9,"yes",1.80276205789942,"B"
26.3995467208538,-28.6013955435503,7,"no",1.93887893035013,"D"
26.399299356368,-28.5995612299288,3,"yes",1.86688772078075,"A"
26.4012914996954,-28.6033061051928,4,"no",1.5487257696158,"D"
26.3973729350572,-28.6020044582705,1,"no",1.73933203396474,"A"
26.3995096095066,-28.5995251285902,1,"yes",1.89086892169802,"A"
26.400519097472,-28.6009723982505,4,"no",1.53747136984027,"D"
26.4015962336076,-28.6033411060715,7,"no",1.8415556018572,"D"
26.398990154772,-28.6022036236668,5,"no",1.68854947913547,"D"
26.3961271477871,-28.5984161930633,1,"yes",1.82288775965407,"A"
26.4004334206087,-28.5951339308974,3,"yes",1.58636785210882,"B"
26.4026512399041,-28.5966671155243,7,"no",2.01695251307708,"B"
26.4020762765668,-28.6018381724719,4,"no",1.86385486462979,"C"
26.4003112045042,-28.5958603571071,3,"no",1.71388904765355,"B"
26.3984768054645,-28.6018529913822,8,"no",1.96781797655742,"D"
26.3990346704081,-28.6019572198835,5,"no",1.71963082583213,"D"
26.4001128407392,-28.5964474415848,3,"yes",1.73846741344016,"B"
26.403524349988,-28.6031129574201,3,"no",1.76569847140132,"C"
26.4004649391921,-28.5965968491068,2,"yes",1.58453006317288,"B"
26.39929972424,-28.5953294626893,3,"yes",1.73234823015652,"B"
26.3992057974518,-28.5935600070942,2,"yes",1.50521786538807,"B"
26.4002929334547,-28.603168167653,5,"no",1.89250239230457,"D"
26.4023863953679,-28.5967436289087,4,"yes",1.75339824813347,"B"
26.4000315956548,-28.5968286228317,4,"yes",1.59177879485639,"B"
26.400661823438,-28.5977899627816,2,"yes",2.14741166479329,"B"
26.4011454242538,-28.5978818264105,2,"yes",1.54419932577847,"B"
26.4011576942216,-28.6040059981947,5,"no",1.69372628341048,"D"
26.3996254704961,-28.6016088837025,4,"no",1.62291163491017,"D"
26.3994361634361,-28.5992252228412,2,"yes",1.69136033612523,"B"
26.4000297779192,-28.6000103573335,2,"yes",1.68768501032055,"B"
26.3985997759887,-28.5999592349218,3,"no",1.82933385981566,"A"
26.3989951394614,-28.5991071396164,5,"yes",1.98841031743928,"A"
26.3983826102114,-28.6077994123149,11,"no",1.68368687825782,"D"
26.3974444988232,-28.6015104206615,2,"yes",1.68636705774191,"A"
26.3970854966956,-28.6008549755791,2,"no",1.7674757444289,"A"
26.3969497966898,-28.5999256515402,1,"no",1.58972716098333,"A"
26.3983857381288,-28.6029644634728,8,"no",1.9987986548197,"D"
26.3997668547693,-28.5972622439084,3,"no",1.68975667763097,"B"
26.3983307475348,-28.6013669812244,2,"yes",1.53525946604802,"A"
26.400962907119,-28.592973042172,2,"no",1.85434898241474,"B"
26.399291300264,-28.5992550116572,7,"yes",1.77030402966935,"B"
26.4014651421866,-28.6048207067004,4,"no",1.79586646252122,"D"
26.4007096839102,-28.5952319080461,2,"no",1.46299823285308,"B"
26.4020158468519,-28.593051581452,5,"yes",1.7392039486621,"B"
26.4040204779619,-28.5987604364459,5,"no",1.83660453727872,"C"
26.3999808209616,-28.5969940131286,6,"yes",1.88225088141852,"B"
26.398456446773,-28.6021473687383,6,"no",1.83131890898653,"D"
26.3963713049287,-28.5972861753154,1,"no",1.7843042366575,"A"
26.4018589683391,-28.603701472298,4,"no",1.70891948786524,"D"
26.4030607507114,-28.5994074728316,4,"no",1.74764328100106,"C"
26.3989174672786,-28.6080835962139,5,"no",1.98502556298386,"D"
26.4023156212034,-28.6017689038725,9,"no",1.75090962305734,"C"
26.3996165882015,-28.6037092007636,11,"no",2.0867631050523,"D"
26.3954393359199,-28.5991330021419,4,"yes",1.88275369344615,"A"
26.3978629438604,-28.5973842561529,4,"yes",1.70992811928368,"B"
26.4011915401619,-28.6022251746249,6,"no",1.79940447446303,"D"
26.3957996550818,-28.6012196114366,2,"yes",1.920689850856,"A"
26.3978688207471,-28.6040916806109,6,"no",1.69894173083583,"D"
26.3984975616129,-28.6007439479462,2,"yes",1.5423678839284,"A"
26.4027431316203,-28.5967490825077,4,"no",1.57671528741909,"B"
26.3983166801983,-28.5988878760519,1,"no",1.82100230650728,"A"
26.4000159795797,-28.6005176108944,6,"no",1.90051350817865,"D"
26.3991241693659,-28.5916369233419,5,"yes",1.61208630496728,"B"
26.4024652926894,-28.5996884899681,4,"no",1.800259466847,"C"
26.4041576429565,-28.6001918483263,5,"no",1.88539014564006,"C"
26.400752600128,-28.5925266290885,3,"no",1.84503607706304,"B"
26.3989846482208,-28.5988461012804,2,"no",1.64160214644281,"B"
26.3991865969638,-28.6029566888616,5,"no",1.80331533083332,"D"
26.4023945668762,-28.5973289717244,3,"yes",1.42134088349152,"B"
26.3975062160293,-28.5992358031815,3,"no",1.89750003606501,"A"
26.4000311794828,-28.5995768314995,3,"yes",1.75173331239003,"B"
26.4041249242723,-28.6037572667491,4,"no",2.17700569465963,"C"
26.4035711289644,-28.5973110051882,4,"no",1.81802130203945,"C"
26.4008887793458,-28.5993207536094,5,"no",1.69931498172499,"C"
26.3991413987472,-28.6044046050402,4,"no",1.51485641146498,"D"
26.4011596618508,-28.6036112623915,7,"no",1.7513492884776,"D"
26.4003982108273,-28.5976199325516,5,"yes",1.39992177478861,"B"
26.4034008544525,-28.5997561636956,3,"no",1.96309663821306,"C"
26.3958191050268,-28.6010469235936,2,"yes",1.55861331146138,"A"
26.3996740426372,-28.5972618686152,12,"no",2.10725244383891,"B"
26.4024799022691,-28.6008437419377,3,"no",1.87252190796801,"C"
26.4004474878183,-28.6050534238171,8,"no",1.78404698698006,"D"
26.3977614326435,-28.5990001583041,5,"no",1.68003741962531,"A"
26.3952678728639,-28.6054353732711,5,"no",1.76522433950395,"D"
26.3964589579578,-28.6033196917565,3,"yes",1.65316492578767,"A"
26.3964637378939,-28.6019126812243,1,"yes",1.76478190838005,"A"
26.4002456508533,-28.6032385426343,4,"no",1.8067446614209,"D"
26.3999229437212,-28.6034308641986,6,"no",1.82112526608238,"D"
26.401562584557,-28.5998731246196,7,"no",1.85612469989154,"C"
26.4008834439819,-28.5978208853997,3,"yes",1.43055104813928,"B"
26.3972467917038,-28.5979590084766,2,"yes",1.53448779579842,"A"
26.3990216018861,-28.6019645684394,5,"no",1.92018054697929,"D"
26.4036047019668,-28.595784836783,9,"yes",1.79098317726588,"B"
26.3993425708153,-28.5971456083565,3,"no",1.6500003647838,"B"
26.3997760725033,-28.6051982427787,7,"no",1.76145043148364,"D"
26.3984350287016,-28.5950684986124,3,"yes",1.67057405873299,"B"
26.3968059880913,-28.598097494736,3,"no",1.86861796923268,"A"
26.4000172988033,-28.6044125821201,5,"no",1.68806854473714,"D"
26.4021880178699,-28.602037061284,8,"no",1.84608532268768,"C"
26.3978764075703,-28.5968837793796,6,"no",1.37545356674685,"B"
26.3964178797416,-28.5945938218142,5,"no",1.70094806553852,"B"
26.3981835061864,-28.5992524446187,5,"no",1.75041957110748,"A"
26.3993499201305,-28.6022104534057,8,"no",1.71738213281231,"D"
26.3980480376949,-28.5987474129203,4,"yes",1.54720795413785,"A"
26.400255936193,-28.5986390723179,5,"no",1.67537864019049,"B"
26.3995471580769,-28.5953945215504,2,"yes",1.81514710380846,"B"
26.4022167904918,-28.6007290501645,10,"no",1.65327683631647,"C"
26.4016779611547,-28.5965743151173,3,"no",1.7187977382296,"B"
26.4000097702614,-28.6032950150353,4,"no",2.08214479200799,"D"
26.4014569660852,-28.5993673676818,3,"no",1.70586578939318,"C"
26.4051431914417,-28.6037462518476,4,"no",1.65530303647023,"C"
26.396871864766,-28.5971740320785,3,"no",1.74646490625895,"A"
26.3965571581254,-28.5971372169277,8,"no",1.87314223291127,"A"
26.3985611515504,-28.5965101744813,2,"yes",1.81011045579259,"B"
26.4033550976165,-28.6011622696554,4,"no",1.67510224541586,"C"
26.3992617440719,-28.6063216854505,9,"no",1.93332954182086,"D"
26.4009390894815,-28.5998444310021,5,"no",1.7922037171175,"C"
26.4001139621596,-28.6061214065048,5,"no",1.66338269983047,"D"
26.3951707502521,-28.5983174091218,2,"no",1.73350342862177,"A"
26.3986796520922,-28.6058308816183,4,"no",1.63681050820067,"D"
26.4011294511403,-28.6048408880087,7,"no",1.73887713638512,"D"
26.3962698112195,-28.5967101459536,1,"yes",1.72048894841365,"A"
26.3982749760334,-28.6013078422804,2,"yes",1.83368219183888,"A"
26.4006549613083,-28.6036617443858,12,"no",1.8879731022403,"D"
26.3991981622351,-28.597774943701,9,"no",1.77226085178435,"B"
26.4001170388664,-28.6030429388413,6,"no",1.50442964030794,"D"
26.4026480384563,-28.6052495724208,8,"no",1.31383231413321,"D"
26.3990211207697,-28.6003076857468,7,"yes",1.63585555461461,"A"
26.3981182416435,-28.597232762769,12,"yes",1.61124410261544,"B"
26.3961449637951,-28.603355602279,1,"yes",1.62267279950719,"A"
26.4005946393081,-28.5970249554874,4,"yes",1.78695438698241,"B"
26.396205791558,-28.5986050355757,3,"yes",1.80051267905234,"A"
26.401037893156,-28.6036974804608,4,"no",1.73145872041726,"D"
26.3987293007298,-28.602061997264,4,"no",1.71077596930098,"D"
26.3969196003865,-28.6016092105858,2,"yes",1.71348160854308,"A"
26.4002802813577,-28.6062932578159,4,"no",1.92897261766684,"D"
26.4005919107724,-28.6019693937844,6,"no",1.66965106061381,"D"
26.4011503262299,-28.6010066556988,4,"no",1.57590701676772,"C"
26.4012025242521,-28.6057630826482,9,"no",1.82122824204641,"D"
26.4000334740571,-28.6038176547999,5,"no",1.67521214741859,"D"
26.3998598180018,-28.5997305902075,3,"no",1.68157072196871,"B"
26.4011976445374,-28.6026866647043,10,"no",1.8494962066013,"D"
26.4008670550683,-28.6034609901528,7,"no",1.73020186962841,"D"
26.3951351531267,-28.5989064743106,4,"yes",1.81366698868003,"A"
26.4018448104531,-28.5982450819009,11,"no",1.55530712534147,"C"
26.3985875119634,-28.5970097129515,3,"yes",1.92802706608554,"B"
26.3995979869931,-28.595388687865,4,"yes",1.62218969780027,"B"
26.4041347894238,-28.6001176520349,6,"no",1.91150269479258,"C"
26.4005517360714,-28.592955727084,2,"yes",1.72509613425743,"B"
26.3965598566733,-28.6035238288401,5,"no",1.72085152337203,"D"
26.3978127429581,-28.6045132983836,4,"no",1.69779927332402,"D"
26.400097745995,-28.5953919865692,4,"no",1.86364332557537,"B"
26.3982385966623,-28.6001328597326,1,"no",1.62850616863692,"A"
26.4008018254272,-28.6034580633767,5,"no",1.52136682681915,"D"
26.3980860393467,-28.5967865937527,5,"yes",1.70011744091366,"B"
26.4000861549679,-28.6062488239798,5,"no",1.75166443331479,"D"
26.4003189966498,-28.6047294558459,5,"no",1.66532157364945,"D"
26.3976157558862,-28.6030791553833,4,"no",1.7482740067406,"D"
26.4035381286174,-28.595648886982,6,"yes",1.72331451046893,"B"
26.3997709371063,-28.6059181495973,6,"no",1.75405706174959,"D"
26.3992987128097,-28.6025800604831,4,"no",1.64996395970533,"D"
26.3977684700013,-28.5937456967782,2,"no",1.85478340711822,"B"
26.4007159859012,-28.6006036892429,4,"no",1.53993340314793,"C"
26.3953102613422,-28.5985899333013,3,"yes",1.71027888813779,"A"
26.4022203415884,-28.6072509861584,5,"no",1.83951151916658,"D"
26.3982680508646,-28.5962729974879,4,"yes",1.71612543497163,"B"
26.4002283425253,-28.596714577925,6,"yes",1.78101021167112,"B"
26.4031968199463,-28.6018446761342,8,"no",1.87931786318928,"C"
26.3986245720882,-28.6016602835711,4,"no",1.97042550675648,"D"
26.4060586713555,-28.6051117488277,4,"no",1.8640493018808,"C"
26.3971945061066,-28.6011962196117,2,"no",1.65835594010063,"A"
26.3988905000336,-28.6001328112118,2,"yes",1.77699520743576,"A"
26.4069808152443,-28.6002333553593,3,"no",1.78557509698066,"C"
26.4017114537033,-28.5989366550295,9,"no",1.56946364499872,"C"
26.3977542337483,-28.5967417859429,5,"no",1.66073584871012,"B"
26.4000516121729,-28.6008839506034,4,"no",1.79970731384774,"D"
26.3995551532805,-28.6035633642317,10,"no",1.81928279636962,"D"
26.3993088448574,-28.6036405697584,8,"no",1.84170909760161,"D"
26.3983698278259,-28.5999307926991,3,"no",1.87284780005102,"A"
26.4042866367759,-28.6000610709388,6,"no",1.62379980997084,"C"
26.4023220707518,-28.5946727557594,10,"no",2.03884550070145,"B"
26.4028120505439,-28.6015949789055,3,"no",1.82100771313011,"C"
26.3999215969281,-28.5999652390636,8,"no",2.03168487146808,"B"
26.4023858922235,-28.60148684839,5,"no",1.78087590281971,"C"
26.3995164502413,-28.6029879222539,6,"no",2.07663288304452,"D"
26.3990062129134,-28.5976505009182,3,"yes",1.67651926354922,"B"
26.4005455945484,-28.6060215164377,10,"no",1.85543168622118,"D"
26.4053735704594,-28.6007188927191,5,"no",1.52134272913421,"C"
26.3998304329168,-28.5979782978594,2,"no",1.54846117665627,"B"
26.4006639726019,-28.5978682912301,4,"yes",1.66187308137906,"B"
26.3956701285323,-28.604462000352,6,"no",1.80913779442049,"D"
26.3984732852861,-28.5999724931383,3,"no",1.51901495132389,"A"
26.4004042142995,-28.5972040078507,4,"yes",1.80377745406975,"B"
26.4007732604635,-28.6054092111119,4,"no",1.63019775993118,"D"
26.3968814976526,-28.5988931063973,2,"no",1.77605128538489,"A"
26.4012875094895,-28.6049642695415,7,"no",2.01771242612344,"D"
26.3961221294597,-28.5990646655912,5,"yes",1.44377631548681,"A"
26.3947390957925,-28.6019329417143,1,"yes",2.01423197642357,"A"
26.3995985458374,-28.5961905585317,10,"yes",1.64446224671791,"B"
26.4027978796631,-28.5999227016213,4,"no",1.86655415849972,"C"
26.4002818439232,-28.5993645771003,3,"yes",1.8230607618354,"B"
26.3979814280884,-28.5956859218577,5,"no",1.822842776328,"B"
26.4000189043936,-28.6017572350622,4,"no",1.90086260403755,"D"
26.3986990389384,-28.5974178692529,3,"no",1.69272406217939,"B"
26.3998057835917,-28.5948077553541,3,"yes",1.75467761683459,"B"
26.4005545840913,-28.5986437409795,6,"yes",1.96019969316104,"B"
26.3990801730796,-28.6073368789296,6,"no",1.34822433673333,"D"
26.3983585629246,-28.6046117160018,6,"no",1.91533307194547,"D"
26.4036257680251,-28.6008177864318,7,"no",1.5493523641332,"C"
26.4012301590325,-28.5993599527796,4,"no",1.9774949180333,"C"
26.4000695810691,-28.5996616970628,7,"yes",1.79949920329051,"B"
26.4007388516731,-28.6043920398399,8,"no",1.49672100297053,"D"
26.3979556866651,-28.5951964951297,9,"no",1.99124222296347,"B"
26.4004916930695,-28.6039881995735,7,"no",1.70259608061322,"D"
26.398527016221,-28.5947360624351,4,"yes",1.78539140520613,"B"
26.4014840928827,-28.6031660214627,8,"no",1.78381239529262,"D"
26.4009820977073,-28.5947373643578,8,"yes",1.91815197124771,"B"
26.4042631056105,-28.5957342230348,6,"yes",1.60067621348725,"B"
26.4021895144119,-28.5975220081163,6,"yes",1.78608544951827,"B"
26.4028484668239,-28.5977356179124,3,"no",1.7891342047561,"C"
26.4004538187114,-28.599943171647,4,"no",1.82065829617232,"C"
26.3990090310515,-28.6029063894149,6,"no",1.69756291732426,"D"
26.4007556383749,-28.5975074142407,6,"no",1.63658835597076,"B"
26.3988427327241,-28.5989707258552,2,"yes",1.83355159371382,"A"
26.4029124068959,-28.6041721269646,4,"no",1.61311132199572,"D"
26.401602408621,-28.6013697666143,9,"no",1.55926932458617,"C"
26.3979525180958,-28.6012228951739,2,"no",1.6483594389303,"A"
26.3961208663413,-28.5996279210569,1,"yes",1.58880165808842,"A"
26.3997823226926,-28.5982273742092,3,"no",1.93187648457801,"B"
26.4000103683572,-28.5980464741082,3,"yes",1.73477256481814,"B"
26.4010067537823,-28.6052665174374,6,"no",1.53494938536557,"D"
26.401817699043,-28.5971249692066,4,"yes",1.85194441515423,"B"
26.4009069566174,-28.5948607627177,12,"no",1.6089551212716,"B"
26.3966304188677,-28.6059268222548,6,"no",1.50898359796676,"D"
26.4023763724381,-28.5955872097842,3,"yes",1.49761693478098,"B"
26.3997408212645,-28.6010478818568,4,"no",1.83527847042268,"D"
26.3972325676894,-28.6022609709384,7,"yes",1.79050271795822,"A"
26.4024224676779,-28.599118242244,3,"no",1.89048499369292,"C"
26.3984066483383,-28.5995613031382,1,"no",1.90866138817273,"A"
26.4011698787243,-28.6025565070552,4,"no",1.8893211514608,"D"
26.3982079884651,-28.6022518426162,5,"no",1.7649313659743,"D"
26.3984990447263,-28.597854746578,2,"yes",1.72638010166028,"B"
26.3990123442034,-28.601443889096,6,"no",1.76729739254349,"D"
26.4002650595752,-28.6018869609191,6,"no",1.99570612801263,"D"
26.4007829804777,-28.5962975741763,6,"yes",1.88709717451611,"B"
26.3990823749231,-28.5977023022772,2,"no",1.81832589177668,"B"
26.398872739026,-28.5967158266091,2,"yes",1.764102501433,"B"
26.3995671331912,-28.5936022122569,3,"yes",1.79718879344717,"B"
26.3985241666519,-28.5985841756299,5,"yes",1.94321631282405,"A"
26.4017719822683,-28.5954251702372,5,"yes",1.8972106769623,"B"
26.3989929972775,-28.598814583215,3,"no",1.56231449953527,"B"
26.4028260444727,-28.5951447228327,5,"yes",1.59556785986612,"B"
26.3984086380649,-28.5972206364724,5,"no",1.73297554833596,"B"
26.3976929864234,-28.6014792941388,3,"yes",1.78308020104335,"A"
26.4016230899621,-28.5965335345659,2,"yes",1.69859619383639,"B"
26.3997546618944,-28.6023435374431,4,"no",1.99137825796193,"D"
26.3956492260563,-28.5969743928358,2,"yes",1.84752837880485,"A"
26.4022497818053,-28.6021237130482,4,"no",1.49552383826106,"C"
26.3983915423145,-28.5961250504887,6,"yes",1.69014434288437,"B"
26.4000710351545,-28.5952632395495,2,"no",1.53990983810512,"B"
26.3999602845942,-28.5973282297668,4,"no",1.85170967754583,"B"
26.4023770970693,-28.5985551753836,5,"no",1.88797824122031,"C"
26.3986589276592,-28.5980270796424,8,"no",1.55448143646003,"B"
26.4022906124842,-28.6001042180024,4,"no",1.76737393916002,"C"
26.3992321331372,-28.5991148467075,3,"yes",1.86367895664037,"B"
26.4007223483244,-28.5993035129343,7,"no",1.85585199599074,"C"
26.4010807925823,-28.6039334881513,5,"no",1.54509025353111,"D"
26.4021860872163,-28.6007243248211,5,"no",1.80586981494993,"C"
26.4006864578393,-28.6019082107715,6,"no",1.80636643564827,"D"
26.4014538632675,-28.6041980287568,4,"no",1.78047522265758,"D"
26.3988045386276,-28.6011327218794,3,"no",1.84766920923791,"A"
26.3984378168181,-28.6009065381445,3,"no",1.70462508159915,"A"
26.400060712162,-28.5962701133674,12,"no",1.54815142041619,"B"
26.3974357890021,-28.5968312715203,5,"no",1.55996010124106,"B"
26.4001863843921,-28.6019775511465,5,"no",1.70307588790526,"D"
26.4004844287968,-28.5996018954429,5,"no",1.95249429296535,"C"
26.4027807414267,-28.5974213442838,3,"no",2.23897095890705,"C"
26.4006463353535,-28.598106946909,4,"no",1.95013469317776,"B"
26.3964299466411,-28.6063958469446,8,"no",1.70907440452445,"D"
26.4008142729137,-28.6049820005302,9,"no",1.98044320389957,"D"
26.3995894435706,-28.6032466070692,5,"no",1.47489311980096,"D"
26.3980672061994,-28.5964454308571,3,"yes",1.88333240617676,"B"
26.3997342387851,-28.5992743083379,8,"yes",1.67480928798557,"B"
26.4005410543687,-28.5961865048283,2,"yes",1.62995813447136,"B"
26.4005839099105,-28.6017892264335,6,"no",1.84162161364395,"D"
26.4015226215419,-28.6048310013544,4,"no",1.72612668158348,"D"
26.4017404546211,-28.6045384553398,5,"no",1.68911408025744,"D"
26.4007730538757,-28.6018040315959,5,"no",1.8003737384839,"D"
26.3991278637902,-28.6020020054887,5,"no",1.55264401665653,"D"
26.4028372034288,-28.6042036643812,4,"no",1.69841393629817,"D"
26.4021747349439,-28.5994593933841,8,"no",1.85269096200907,"C"
26.3975981575725,-28.5984045491411,2,"no",1.63898453344248,"A"
26.3997186863166,-28.6026006296886,4,"no",1.56744930684041,"D"
26.4009011418,-28.6009353036605,7,"no",1.87406646207132,"D"
26.4009577234335,-28.6020613049942,5,"no",1.51751393489395,"D"
26.3997782376921,-28.6025574378863,4,"no",1.73946059744122,"D"
26.4005136503784,-28.6070569033377,8,"no",1.63865264147293,"D"
26.3954020115333,-28.604390740266,5,"yes",1.65378240172544,"A"
26.4034435561066,-28.5943625210878,3,"no",1.83838154239357,"B"
26.3982972754607,-28.6039097405113,6,"no",1.6288272457066,"D"
26.3989090734121,-28.5947696145035,2,"no",1.68602248676199,"B"
26.399855769631,-28.5931577541528,3,"no",1.72002206696484,"B"
26.3978332903238,-28.5955421255867,5,"yes",1.61127844475433,"B"
26.3981102592187,-28.5966845524894,4,"yes",1.84278177470161,"B"
26.4004947218831,-28.601104526466,7,"no",1.83793721603056,"D"
26.3992544768372,-28.6049022438148,10,"no",1.52869465681142,"D"
26.4001381275543,-28.6063726907156,4,"no",1.40934351543016,"D"
26.4009286333148,-28.5959450393491,4,"yes",1.52631650207336,"B"
26.3976536749926,-28.6024416955095,4,"no",1.65746558012099,"D"
26.3994252535846,-28.6050252448898,5,"no",1.92386242035952,"D"
26.396663918853,-28.6080055188868,8,"no",1.63960898043542,"D"
26.4006786589132,-28.6017567839467,5,"no",1.79495920073799,"D"
26.4032828861156,-28.5998891109522,5,"no",1.66766501981609,"C"
26.4019507822045,-28.6001224117224,5,"no",1.72602950551,"C"
26.4011772486115,-28.5978603770386,5,"yes",1.57723770957453,"B"
26.3995478422324,-28.5970185145304,4,"no",1.77953076095606,"B"
26.3991905334288,-28.599127997041,6,"yes",1.6271996520399,"B"
26.3998285547762,-28.5955150295096,4,"yes",1.75869394810771,"B"
26.399276863408,-28.602301910138,6,"no",1.94783700706817,"D"
26.4007230313661,-28.5989881756065,3,"yes",1.88765724321377,"B"
26.4009446879506,-28.6018357112867,4,"no",1.98046220283487,"D"
26.3961013402987,-28.6010191815936,2,"yes",1.59849311058331,"A"
26.4002653817173,-28.6011368220185,8,"no",1.69656539729815,"D"
26.399807991921,-28.6037762421102,5,"no",1.84281061032542,"D"
26.3957598537462,-28.5949697305929,2,"no",1.68290560648728,"B"
26.4006979675571,-28.5963045789822,4,"no",1.99248517673234,"B"
26.4012576201046,-28.597808002182,4,"yes",1.61713408685762,"B"
26.3985807902384,-28.5999924512722,3,"yes",1.75306551746053,"A"
26.4000382291146,-28.597943926082,2,"yes",1.75955795998824,"B"
26.3973530801788,-28.5967559177975,5,"yes",1.90600415711745,"B"
26.3966944696504,-28.603183261535,1,"no",1.8077754939963,"A"
26.3990386049874,-28.6039887477991,6,"no",1.49522539191655,"D"
26.4018098577627,-28.6066377631205,4,"no",1.7999210416714,"D"
26.4001182872589,-28.5952071317698,8,"yes",1.60775646492828,"B"
26.4014203745412,-28.5949048940836,13,"yes",1.69799152427288,"B"
26.4051310929028,-28.6046268306194,8,"no",1.49792237988875,"C"
26.4000546305844,-28.6017803391204,8,"no",1.83174945757847,"D"
26.4040785214294,-28.6006652647196,3,"no",1.78792992444792,"C"
26.3970332369698,-28.6039848485406,5,"no",1.88953966173679,"D"
26.3969868371672,-28.6051892190021,7,"no",1.79549522989739,"D"
26.3994837371619,-28.6030100006653,6,"no",1.57397930336528,"D"
26.3984371146534,-28.6060593146894,4,"no",1.61134542167441,"D"
26.3982152680639,-28.6029904608046,5,"no",1.59292045160108,"D"
26.3993306695632,-28.6032250052857,9,"no",1.86678239355872,"D"
26.3960277468914,-28.5977237489014,2,"no",2.02158540673391,"A"
26.4014677267904,-28.6032650444142,7,"no",1.72251100888923,"D"
26.4025468897659,-28.6025620997476,5,"no",1.95907849063665,"D"
26.4044430997854,-28.6013363093229,6,"no",1.7883131041391,"C"
26.3986276167432,-28.5999469390018,2,"no",1.93026637761018,"A"
26.4023092885935,-28.6013132880792,5,"no",1.90212343906281,"C"
26.4014439920214,-28.5995436435199,6,"no",1.78090146148008,"C"
26.4001528106018,-28.6036714562014,4,"no",1.6651625286599,"D"
26.3987613102207,-28.5927987008398,4,"no",1.81749970146697,"B"
26.3982452842305,-28.6032508414927,4,"no",1.89938065954235,"D"
26.3993001262068,-28.603290285006,8,"no",1.45776469427566,"D"
26.3982088400146,-28.6015019464324,2,"yes",1.71594008536313,"A"
26.401766130588,-28.6030690028263,7,"no",1.86611630039621,"D"
26.3992160369738,-28.6037376593986,8,"no",1.91006764745087,"D"
26.3990209588243,-28.6050990853061,5,"no",1.67387336744127,"D"
26.3992168051459,-28.5977123076636,2,"no",1.58103481477625,"B"
26.3963783855375,-28.6022401641925,2,"yes",2.0351486305568,"A"
26.3950860126634,-28.5995932104429,3,"no",1.69741561451417,"A"
26.4035870986039,-28.5933424518291,4,"no",1.72713522456927,"B"
26.3973419584943,-28.597206561208,3,"yes",1.57620088209225,"B"
26.4007071534554,-28.6027889205721,4,"no",1.48606160422215,"D"
26.4002096850381,-28.6040693233228,10,"no",1.58058659850396,"D"
26.4005088896438,-28.6011635621136,7,"no",1.68000989008008,"D"
26.40115361823,-28.6030190994469,4,"no",1.4516065399645,"D"
26.4011444649634,-28.6019336770257,6,"no",1.69125544666796,"D"
26.3958636510541,-28.6024929185432,4,"yes",1.74994760039586,"A"
26.4039311097328,-28.6040233554244,4,"no",1.7328459438681,"D"
26.4011871614011,-28.6053342779302,4,"no",1.65982358255757,"D"
26.3991354224952,-28.6025251211657,5,"no",1.78236934477588,"D"
26.4025396801553,-28.5955449654966,5,"no",2.078954105573,"B"
26.3969284703264,-28.5985956336289,3,"yes",1.96507486073595,"A"
26.4027525945347,-28.6045889540618,6,"no",1.61351336945574,"D"
26.4013341763744,-28.5960473439918,2,"no",1.58205460662624,"B"
26.4014772058004,-28.5974880903593,4,"yes",1.98056706801041,"B"
26.4016977154596,-28.5968816122339,5,"no",1.67753198775548,"B"
26.4006189805091,-28.5967407033746,15,"yes",1.72747337031903,"B"
26.3998749217025,-28.5938216037529,2,"no",1.76552768490281,"B"
26.3984007872607,-28.5959742116881,3,"yes",1.8614627773402,"B"
26.3985146905904,-28.6025353697967,7,"no",1.84300660306977,"D"
26.3999662910998,-28.5982302155398,2,"yes",1.77069196270034,"B"
26.3975483651774,-28.5987986046858,2,"yes",2.00365682075074,"A"
26.3987812991881,-28.5991984651575,6,"yes",1.76966251300707,"A"
26.3973479263086,-28.5984695973167,3,"yes",1.83763725347626,"A"
26.3998909337186,-28.5952060399021,8,"no",1.64581048132058,"B"
26.401300629774,-28.6052971964003,9,"no",1.77284149028518,"D"
26.4005885561767,-28.5927792974827,3,"no",1.72540810258276,"B"
26.4004147566524,-28.59762258151,13,"yes",1.59878819595598,"B"
26.4019038277992,-28.6026715022958,6,"no",1.76385996045208,"D"
26.4009944856242,-28.5971673655311,6,"yes",1.9468481204767,"B"
26.400506487862,-28.5933362017516,3,"yes",1.61108186569222,"B"
26.401195262947,-28.5975273019349,4,"no",1.83576510549431,"B"
26.3969825965576,-28.6018469208777,1,"no",1.78443493019611,"A"
26.4006475095035,-28.5964681181147,3,"no",1.57189881184868,"B"
26.4001933470364,-28.5987627405351,7,"yes",1.86757826698058,"B"
26.3992257409026,-28.5995162079172,4,"yes",1.65388092669605,"A"
26.4007570408923,-28.6028411498881,6,"no",1.58083505119525,"D"
26.4021011055703,-28.6044940533881,6,"no",1.81413842618795,"D"
26.4004783406006,-28.6004206723082,3,"no",1.69699061503807,"C"
26.400509644543,-28.6051401562545,7,"no",2.01295784179631,"D"
26.403089825292,-28.6025337795128,3,"no",1.84844091860288,"C"
26.3964246839345,-28.6006582525358,1,"yes",1.79565233768871,"A"
26.3990495754272,-28.6015482883803,6,"no",1.76456711604128,"D"
26.3989470514028,-28.5954885273548,2,"no",1.74468460505914,"B"
26.3994069123456,-28.6015863906303,6,"no",1.63585697515853,"D"
26.3985761284621,-28.6046932820699,5,"no",1.76183488194263,"D"
26.398054137214,-28.604497448669,9,"no",1.71888551818206,"D"
26.3988839688684,-28.5981751124436,2,"yes",1.68945142200525,"B"
26.4023157176822,-28.5996618712373,3,"no",1.80745792983161,"C"
26.3991124380067,-28.6005002483438,3,"yes",1.76303259153783,"A"
26.4013859315588,-28.6009090164459,4,"no",1.74730315415434,"C"
26.3986919356948,-28.5945725246326,3,"yes",1.71353791537774,"B"
26.3965920662186,-28.5959072021173,4,"yes",1.79815386495044,"B"
26.398845536297,-28.5975223847427,2,"no",1.73497112719935,"B"
26.396705371193,-28.6026184600545,1,"yes",2.00843570205279,"A"
26.4019951120438,-28.6014665832443,4,"no",1.8449367623673,"C"
26.4018022111633,-28.6035278516833,5,"no",1.89495193388756,"D"
26.4005154830092,-28.6005845679657,5,"no",1.89055497902626,"D"
26.4022755441803,-28.5969517484477,4,"no",1.51519411225142,"B"
26.4005832017837,-28.6009590614369,5,"no",1.91735784029405,"D"
26.399370508021,-28.6012995291604,5,"no",1.95943543776612,"D"
26.3981904987718,-28.5986229904003,1,"no",1.82243096760917,"A"
26.3986774005709,-28.5961891532827,3,"yes",1.86429408827704,"B"
26.3994521318115,-28.6039833841964,5,"no",2.04960976614402,"D"
26.3975861541756,-28.5991877298027,4,"no",1.78885348090255,"A"
26.4013926997244,-28.6026046330149,6,"no",1.95234172674737,"D"
26.3955512813229,-28.5973321237235,2,"no",1.80755923073149,"A"
26.3991649755224,-28.6023970622666,6,"no",1.72311333026199,"D"
26.3998092294327,-28.5986080753151,3,"yes",1.65270358382822,"B"
26.4002955427172,-28.5981230208193,2,"yes",1.52986842242297,"B"
26.4038095944882,-28.598623537192,4,"no",1.64903949341692,"C"
26.399573708963,-28.604689965626,9,"no",1.87407022017507,"D"
26.3956061579556,-28.5963600258987,6,"yes",2.17593536884519,"A"
26.4013470443184,-28.6034443966422,8,"no",1.95806609743062,"D"
26.4021862672027,-28.5967425972316,8,"no",1.73745363089994,"B"
26.3975276057832,-28.5960994243095,4,"no",1.64482936651219,"B"
26.3999929695016,-28.6018792289998,8,"no",1.5899378179168,"D"
26.3970325814397,-28.6029678618511,6,"no",1.79865560903932,"D"
26.3986571068618,-28.5948241059107,6,"no",1.45790387800028,"B"
26.4009983879939,-28.6049701230606,5,"no",1.62221511301451,"D"
26.399810197046,-28.6006644867169,4,"no",2.07941063920423,"D"
26.4022908885855,-28.5944666804659,6,"yes",1.9637926457245,"B"
26.4009014200465,-28.601344059454,5,"no",1.73201760723578,"D"
26.404864626144,-28.6054196048083,4,"no",2.22466021027914,"D"
26.3989059550623,-28.6060473651475,7,"no",1.69393664501281,"D"
26.4042754230345,-28.6026564732396,4,"no",1.56684333970462,"C"
26.3985621506123,-28.5988334749341,4,"no",1.66698612128296,"A"
26.4007353710137,-28.5976103097513,5,"yes",1.77513393645141,"B"
26.4020815189632,-28.5962189660091,4,"yes",1.57349399219178,"B"
26.3984143486501,-28.6046746374656,5,"no",1.60449821210216,"D"
26.3973005953944,-28.5975517832777,6,"yes",1.62536748773014,"A"
26.3980746732927,-28.5951056440636,2,"yes",1.80416429834946,"B"
26.4019634338849,-28.6031868040651,6,"no",1.6714793853119,"D"
26.3968218476797,-28.5966861548775,6,"no",1.74132348542961,"B"
26.403076600111,-28.5948202167345,4,"no",1.5149011840931,"B"
26.401126078946,-28.5963245067481,4,"yes",1.75595373851389,"B"
26.4023663449825,-28.6033068946184,4,"no",1.69458446418494,"D"
26.3979731778539,-28.6053191603883,4,"no",1.8377071771217,"D"
26.401343109318,-28.5926644920698,6,"yes",1.70453240334169,"B"
26.4022852067843,-28.5966300556349,2,"yes",1.76627222071694,"B"
26.4004167067164,-28.6021128777355,5,"no",1.92149187255305,"D"
26.3994740108786,-28.5975089640397,2,"yes",1.71375673997154,"B"
26.4005667195182,-28.5948683843193,3,"no",1.69916850785598,"B"
26.402693812467,-28.5976346609656,6,"no",2.02684155310403,"C"
26.4006673423791,-28.5994363865834,4,"no",1.69801164638708,"C"
26.4016104588164,-28.5982624311398,6,"yes",1.59033189207661,"B"
26.3986085629748,-28.5971952526802,11,"no",1.7258628159172,"B"
26.3978716060211,-28.6018598634398,3,"no",1.69611680795441,"A"
26.3977444778572,-28.6018474445677,3,"no",1.59745596213002,"A"
26.3987608095616,-28.603705585897,4,"no",1.70193424769927,"D"
26.399706389489,-28.5979466094545,7,"no",1.98568365961413,"B"
26.4013075491635,-28.5963165981248,2,"yes",1.75482378912195,"B"
26.397975511157,-28.5970650324896,4,"yes",1.60056792173046,"B"
26.4009373717601,-28.5982264162071,4,"no",1.59482035603659,"B"
26.3977025084557,-28.5962665595842,5,"yes",1.82856856104661,"B"
26.4001016020827,-28.6007366732474,6,"no",1.90105983196438,"D"
26.3996635090169,-28.6037137695062,5,"no",1.7979127961855,"D"
26.3996439951507,-28.601999642061,6,"no",1.70592018836031,"D"
26.4020699994297,-28.602220556044,5,"no",1.75684186778363,"D"
26.4021791783036,-28.6005063387784,4,"no",1.75069789204824,"C"
26.4007806889143,-28.6036129185235,5,"no",1.6258623611501,"D"
26.3996203003351,-28.6047910597222,5,"no",2.00832801395726,"D"
26.3999737237396,-28.6029022729847,4,"no",1.39049838525236,"D"
26.4011126913825,-28.5993214069584,8,"no",1.69721468261399,"C"
26.4004340821241,-28.6024996836564,6,"no",1.99610655440842,"D"
26.3978986301375,-28.606991081151,7,"no",1.64985879077553,"D"
26.3995304426509,-28.6024901103755,5,"no",1.67241216226147,"D"
26.3981284889226,-28.6043454999213,5,"no",1.67805752153385,"D"
26.3938920105799,-28.5986547947914,2,"no",1.91866069525954,"A"
26.4014978953998,-28.5982265865497,5,"yes",1.65039967525983,"B"
26.3975529295507,-28.5984456410572,4,"yes",1.86087360236831,"A"
26.3974159005568,-28.5971140627125,3,"no",1.7595261230473,"B"
26.4020762474783,-28.5985239471365,3,"no",1.74700351840864,"C"
26.3986223851911,-28.6025672203848,8,"no",1.67133696162317,"D"
26.4038097932484,-28.5971363612945,6,"no",1.90691457799687,"C"
26.3990406785025,-28.5933678558098,4,"yes",1.75066393260964,"B"
26.398585521544,-28.6007742029919,3,"yes",1.61460177525359,"A"
26.4007297719716,-28.6064103348319,5,"no",2.05269448759693,"D"
26.4006160208247,-28.5972077506402,3,"yes",1.54762662774311,"B"
26.4014145992619,-28.605147838957,4,"no",1.62431846688051,"D"
26.4033458866005,-28.6008139078247,4,"no",1.71537100084986,"C"
26.4006643018076,-28.5964595172688,2,"yes",1.74769274622449,"B"
26.4012445252136,-28.5989126232322,7,"no",1.90885532909115,"C"
26.4001271547457,-28.5971356616553,2,"yes",1.6162406829148,"B"
26.4008526385574,-28.5974965464491,3,"yes",1.52958539821963,"B"
26.4008904614463,-28.597919876989,3,"no",1.77189521504374,"B"
26.4000428253553,-28.6042922116927,13,"no",1.64974136099107,"D"
26.4051458698054,-28.6068900223649,5,"no",1.70672188392641,"D"
26.3977869647658,-28.6016896826603,1,"yes",1.96101253176737,"A"
26.3999289381506,-28.5932296319241,2,"yes",1.71953537287883,"B"
26.4009508990173,-28.5937230781545,2,"no",1.79735795568189,"B"
26.3980951994657,-28.5990845974852,2,"yes",1.67218265372142,"A"
26.3971971918465,-28.6059482571006,5,"no",1.66558847303302,"D"
26.3987360308743,-28.5970680462296,4,"no",1.72362237739176,"B"
26.3970050906075,-28.6030990774842,6,"no",1.6195607727497,"D"
26.4008845404862,-28.6027523394347,5,"no",1.68605186502566,"D"
26.4009986607613,-28.5963258734233,6,"yes",1.88520444358655,"B"
26.4019356817196,-28.5989021351961,4,"no",1.47954292833392,"C"
26.3997821805196,-28.6041312927997,5,"no",1.81984079139241,"D"
26.3978710711082,-28.6015352369803,5,"yes",1.74434643198275,"A"
26.3982977883635,-28.5992867387337,2,"yes",1.65123697276312,"A"
26.4014521640619,-28.6020704211778,8,"no",1.5546688330261,"D"
26.4006714253942,-28.6029817442522,4,"no",1.41797620445274,"D"
26.3996898206091,-28.5993419642978,2,"yes",1.72424344510385,"B"
26.4013167429287,-28.6014882109671,5,"no",1.76580233941914,"D"
26.3989989204042,-28.6000891621833,8,"no",1.7886646949094,"A"
26.4017221723632,-28.6012273792596,3,"no",1.59106932624056,"C"
26.3990477096058,-28.5947968705331,5,"yes",1.89443087787583,"B"
26.4005953763078,-28.6029371820168,7,"no",1.40536340631108,"D"
26.401112908366,-28.6072513822895,5,"no",1.61771706955003,"D"
26.3985898611214,-28.6025544248183,5,"no",1.99837211019727,"D"
26.4027291204399,-28.6012982365613,4,"no",1.78895294054139,"C"
26.3979128818677,-28.5998125205952,1,"yes",1.70687146271374,"A"
26.4022077100961,-28.6051039687297,8,"no",1.71028773022573,"D"
26.404207368347,-28.6040272309734,4,"no",2.0644079926377,"C"
26.3954554795806,-28.5985558341293,1,"yes",1.8894900792847,"A"
26.4024759825574,-28.5940137107524,2,"yes",1.58779357503257,"B"
26.4023461606001,-28.6007083732813,6,"no",1.81458664349337,"C"
26.3994132360259,-28.6043237291813,10,"no",1.7120443895229,"D"
26.400273656399,-28.600660183304,5,"no",1.47097356415864,"D"
26.3971682575039,-28.6042768688866,4,"no",1.52677365557442,"D"
26.3997695806357,-28.6002249825401,5,"no",1.72007656443058,"D"
26.4009007383236,-28.6054107292473,6,"no",1.83744721115783,"D"
26.4017214939956,-28.6008396258836,3,"no",1.57672431870473,"C"
26.4003026762594,-28.5977308469213,4,"no",1.91915864093201,"B"
26.4006450515305,-28.6015175414312,4,"no",1.66071551988722,"D"
26.3983022127833,-28.5990868504912,2,"yes",2.04167918597933,"A"
26.400060957621,-28.6029849628675,7,"no",1.85446880210013,"D"
26.3976714578842,-28.6003120544946,2,"yes",1.62545318224619,"A"
26.3965442391542,-28.5938740599241,3,"yes",1.71644312973422,"B"
26.399263533487,-28.597519496247,3,"no",1.49599922580163,"B"
26.4030542445598,-28.5966010718276,3,"no",1.76395424675932,"B"
26.4020253849544,-28.6019482544198,6,"no",1.79268657485933,"C"
26.4012508972544,-28.6007424999753,4,"no",1.84749459610375,"C"
26.3953108275555,-28.6009870977074,1,"no",1.60670349933487,"A"
26.3997275988712,-28.6051722735694,5,"no",1.80281887474034,"D"
26.3998974684142,-28.6065574254138,6,"no",2.08669744416391,"D"
26.4026521543818,-28.603448693854,4,"no",1.6512428355826,"D"
26.4021223709553,-28.606484899089,6,"no",1.44616319340642,"D"
26.4012976963264,-28.5980271734651,4,"yes",1.69264976451391,"B"
26.3997805903292,-28.5991714076276,4,"yes",1.60446224622091,"B"
26.398998639003,-28.5935954219752,3,"yes",1.6087910769305,"B"
26.3995002062939,-28.6063103648548,4,"no",1.72302649885149,"D"
26.4040357828509,-28.6007444069465,4,"no",1.54648744074422,"C"
26.4015094850899,-28.5992350120623,6,"no",1.72944550795712,"C"
26.3999097380216,-28.5959633918381,2,"yes",1.7074596154008,"B"
26.3994348483521,-28.5944595569154,4,"yes",1.79414283959858,"B"
26.4020886212895,-28.6021794559405,6,"no",1.7692171094623,"D"
26.4003812587651,-28.5941980886168,5,"no",1.64495807163023,"B"
26.4021870964915,-28.6002125980869,5,"no",1.86081865053405,"C"
26.4029406722921,-28.6061569926765,4,"no",1.69245313797321,"D"
26.4014567844858,-28.6000376132077,4,"no",1.51666697366506,"C"
26.3998121188672,-28.5967822659693,3,"no",1.6253719033009,"B"
26.399798100802,-28.5979784505078,2,"yes",1.49655501569091,"B"
26.4004587666664,-28.5975764867491,7,"yes",1.72338411260044,"B"
26.3999979745436,-28.606856454785,10,"no",1.68705288833893,"D"
26.3994695016434,-28.5986007713051,3,"no",1.58506562080909,"B"
26.3980824198001,-28.6008984636738,1,"yes",1.77549623744796,"A"
26.3981226905016,-28.5983643459519,6,"yes",1.66759807087395,"A"
26.3996731361606,-28.5999779577072,3,"yes",1.46341134023359,"A"
26.4009462634997,-28.5965013605588,2,"no",1.72598777501041,"B"
26.3991697690186,-28.5969558596513,5,"no",1.76434307878794,"B"
26.4009506805542,-28.6028570208228,4,"no",1.71972731290468,"D"
26.3993404860696,-28.5988937094427,3,"yes",1.6296943401314,"B"
26.401945154267,-28.5968792771327,2,"yes",1.6462834122508,"B"
26.397698535038,-28.6023244344055,2,"no",1.65849533765502,"A"
26.3991690225559,-28.5949892969337,4,"yes",1.88503309996899,"B"
26.4017139406217,-28.6020741886143,5,"no",1.85665896957281,"D"
26.3998338346549,-28.5976653860979,10,"no",1.53150432597758,"B"
26.3978314784685,-28.6023519906258,5,"no",1.87101139319891,"D"
26.3963307834658,-28.6006409176853,3,"yes",1.48614238636274,"A"
26.4018960655062,-28.5962968562622,3,"yes",1.47966475817799,"B"
26.3982145799917,-28.6022017088132,5,"no",1.81654414902236,"D"
26.402229587219,-28.6001822466367,7,"no",1.7791311493493,"C"
26.3989892946967,-28.6028466920494,6,"no",1.54610835339007,"D"
26.3990955722552,-28.6022289286357,5,"no",1.79326411626575,"D"
26.4024619657837,-28.5988180623256,4,"no",1.82520701745544,"C"
26.3967541623196,-28.5998444043533,3,"no",1.56345861930525,"A"
26.4014157620494,-28.6011449538691,5,"no",1.6379850330154,"C"
26.3993601417237,-28.6017406682305,7,"no",1.89926555197589,"D"
26.3984048392403,-28.6015306515278,5,"no",1.66574360747036,"D"
26.3987479247281,-28.6026327638271,6,"no",1.55165683340764,"D"
26.3991526693436,-28.6058121535667,4,"no",1.71963288130345,"D"
26.3953972362432,-28.6016715121069,4,"yes",1.66750181802907,"A"
26.4025600356517,-28.6031437738751,4,"no",1.95580941860074,"D"
26.3993098018156,-28.6026726048311,6,"no",1.82376142970039,"D"
26.3968957787947,-28.5946149094797,4,"yes",1.85057220705499,"B"
26.4000922323535,-28.5977924861786,10,"no",1.71049050133885,"B"
26.4027675285471,-28.5942069241137,3,"yes",1.77621612708905,"B"
26.4018810915216,-28.603542891037,5,"no",1.5239030151514,"D"
26.3967040582625,-28.604815712713,5,"no",1.84349035371597,"D"
26.396576493769,-28.6075753818905,5,"no",1.87057757195797,"D"
26.4014055868493,-28.595230901834,5,"yes",1.66298265254617,"B"
26.3977098311365,-28.6016530904188,1,"yes",1.78922893927041,"A"
26.399754206976,-28.6014267746762,6,"no",1.73294532440581,"D"
26.3987941491281,-28.6000858770122,6,"no",1.74817991252259,"A"
26.4025362746185,-28.6028379173512,8,"no",1.67807033252978,"D"
26.3994540454396,-28.6003627992286,8,"yes",1.57509979732006,"A"
26.4024718003591,-28.600400018198,8,"no",1.69739834640471,"C"
26.401346055803,-28.6037373470084,6,"no",1.7833337630532,"D"
26.3998392823964,-28.6037713423254,8,"no",1.80682908949479,"D"
26.401650617543,-28.6038593963778,4,"no",1.72941547812636,"D"
26.4000934990333,-28.5981682464341,5,"yes",1.97620748017496,"B"
26.4013768679772,-28.6020895927644,5,"no",1.90522742929318,"D"
26.3988791549342,-28.6022766526904,8,"no",1.88951911535408,"D"
26.402526668691,-28.5985016506665,5,"no",1.88324962597361,"C"
26.3988431801886,-28.593393228981,5,"yes",1.75223957726294,"B"
26.3965785401962,-28.6059036715875,7,"no",1.63492380860825,"D"
26.3987908524976,-28.6020722151329,6,"no",1.65594573442827,"D"
26.3979799573167,-28.5995314343719,1,"yes",1.62055629202446,"A"
26.3953641512612,-28.5968746256323,8,"no",1.73842583755423,"A"
26.4045544956336,-28.6027423203725,5,"no",1.51577897186596,"C"
26.4015405978442,-28.5965989600444,5,"no",1.57364457998676,"B"
26.398944676131,-28.5948390289018,2,"yes",1.82568434754256,"B"
26.4033456602372,-28.5942877193699,3,"yes",1.85024947557351,"B"
26.3997814369471,-28.5959269088591,3,"no",1.57888434316597,"B"
26.4005955578416,-28.6007727142573,5,"no",1.82021888388025,"D"
26.4003260450623,-28.5955820057819,3,"yes",1.88885027524321,"B"
26.4011451311442,-28.5932007838777,2,"no",1.54058338044146,"B"
26.4017171060723,-28.5989258865934,4,"no",1.54399404688145,"C"
26.399426650197,-28.5980537025123,3,"no",1.74060083851388,"B"
26.3991582820058,-28.5977742260748,6,"no",1.66647922908722,"B"
26.3999735689662,-28.5967837676091,4,"yes",2.05316878161446,"B"
26.3992244734781,-28.5981168297909,8,"yes",1.635594182958,"B"
26.4015651008408,-28.5992938666196,4,"no",1.84708594143217,"C"
26.3977511284918,-28.6025226573532,7,"no",1.82236231085928,"D"
26.4012940273047,-28.5977720033271,2,"yes",1.38124613739447,"B"
26.4000515887577,-28.5946334104601,4,"yes",1.90251669739619,"B"
26.3993847799867,-28.6034898294234,6,"no",1.80604496766786,"D"
26.3994064201918,-28.5967711014158,3,"yes",1.70673884828942,"B"
26.3981138715156,-28.5978859868722,4,"yes",1.95897890059645,"B"
26.3980388558826,-28.6019998336217,5,"no",1.62304117045585,"D"
26.4012541459276,-28.5969163924561,3,"yes",1.90273379687252,"B"
26.4034666011815,-28.6034497265255,6,"no",1.78076636272457,"C"
26.4015497635334,-28.6052013624901,5,"no",1.76514011400369,"D"
26.4013664634065,-28.5983396517048,3,"yes",1.62999758402833,"B"
26.3980039169163,-28.5953564715953,2,"yes",1.7044034566803,"B"
26.399905259239,-28.5995232934904,3,"yes",1.60928791517089,"B"
26.3980561583886,-28.5953412572456,3,"yes",1.51714891553735,"B"
26.3992938556648,-28.5954060018772,5,"yes",1.94060444357801,"B"
26.4000411426823,-28.5953208807983,3,"no",1.81261553962076,"B"
26.4046138901159,-28.596643478801,3,"no",1.94415782266789,"C"
26.4014927390214,-28.5961886964619,4,"yes",1.89322711151407,"B"
26.3986492633496,-28.6046215766723,4,"no",1.81471047284416,"D"
26.4026800826606,-28.5996302399313,9,"no",1.54488130676012,"C"
26.4023222638828,-28.5951814092023,4,"yes",1.72892911110087,"B"
26.4039285086138,-28.5989940590805,4,"no",2.00915134763338,"C"
26.4014866447494,-28.5946590605482,6,"no",1.7449924419299,"B"
26.3989216745596,-28.6031669373773,7,"no",1.7426620637272,"D"
26.4026496913331,-28.5954125559524,3,"no",1.90039559659996,"B"
26.3990843382459,-28.6004874164127,6,"no",1.94682717910121,"A"
26.395605545543,-28.6008108758888,2,"no",1.81820081940502,"A"
26.3997450490795,-28.5953799663427,3,"no",1.6508577725853,"B"
26.4009275260051,-28.5961753574165,2,"no",1.89731334830143,"B"
26.3959500639429,-28.5966828415684,5,"yes",1.70423044632833,"A"
26.4007951211802,-28.6058624605141,5,"no",1.59804910072302,"D"
26.3990862651799,-28.5957742379518,5,"yes",1.66568965177418,"B"
26.3990841340608,-28.5979803594708,4,"yes",1.59883955196781,"B"
26.4015095511392,-28.5947950050067,10,"yes",1.78695683941438,"B"
26.4005716752101,-28.5954836680605,5,"no",1.47949832129412,"B"
26.4015562652951,-28.6010728931039,7,"no",1.55149463690957,"C"
26.402410702272,-28.6020124719932,4,"no",1.70487260586385,"C"
26.4009021030182,-28.6008631216128,5,"no",1.75506126964031,"C"
26.4006663146019,-28.602843911299,5,"no",1.73819757891141,"D"
26.4055347512773,-28.6033304094694,3,"no",1.82641560903551,"C"
26.4011317080004,-28.5953207262613,6,"yes",2.03404995610374,"B"
26.3993824858454,-28.6015531018659,8,"no",2.09704032963578,"D"
26.4005660327772,-28.6027844373706,8,"no",2.05467626913112,"D"
26.4025244467104,-28.5948482235255,8,"no",2.02086167900761,"B"
26.402823215882,-28.5990120433856,4,"no",1.72639572466136,"C"
26.3987931054806,-28.596764076369,2,"no",1.65284186915043,"B"
26.4000137330686,-28.5993349745462,3,"yes",1.62121341646661,"B"
26.4002129446063,-28.5952822917163,7,"yes",1.68441004277586,"B"
26.3990248928782,-28.603625868148,5,"no",1.71439879238658,"D"
26.4006862085747,-28.5944945766666,5,"yes",1.64432356066737,"B"
26.4033154872786,-28.5939135794587,6,"yes",1.71102698123222,"B"
26.3996997152055,-28.6010703034691,4,"no",2.09740779422241,"D"
26.4004581408921,-28.604105937003,5,"no",1.67378971478947,"D"
26.399605944503,-28.6003429533058,1,"yes",1.71330156952193,"A"
26.4023664045719,-28.6029045660741,10,"no",1.63713940601705,"D"
26.3989571680291,-28.5990527487379,2,"yes",1.90621990807014,"A"
26.4006882950855,-28.6014704494009,7,"no",1.83994771437387,"D"
26.3998023809273,-28.6024332398276,5,"no",1.66929807487166,"D"
26.398228657723,-28.6022191772453,5,"no",1.79166804248431,"D"
26.3976801144691,-28.5955445344967,2,"yes",1.97399708151659,"B"
26.4005891020983,-28.601726507127,5,"no",1.87913956399894,"D"
26.3984172049876,-28.5966848579621,3,"yes",1.90305068541551,"B"
26.3981536643688,-28.6011896761658,4,"yes",1.69580245928904,"A"
26.3983564827195,-28.6014705038894,1,"no",1.57417949625531,"A"
26.3996378669534,-28.6042100080118,6,"no",1.70696099173236,"D"
26.3980395568806,-28.6009701785057,2,"yes",1.82257325633822,"A"
26.3997014984942,-28.5948689089802,3,"no",1.75900655554291,"B"
26.4005763945316,-28.6033956091726,4,"no",1.74022337306417,"D"
26.3990955226562,-28.6036345497804,5,"no",1.93615636535133,"D"
26.3990870534598,-28.5966018148606,5,"yes",1.87910926445476,"B"
26.4005171651392,-28.6072608473183,6,"no",1.80099769338145,"D"
26.4041924940763,-28.5972519409583,6,"no",1.51388687067467,"C"
26.4007511680955,-28.6023817719176,7,"no",1.70641613034384,"D"
26.3950355066152,-28.5942313340019,5,"yes",1.46782177658821,"B"
26.4018799268394,-28.6064511913133,4,"no",1.67461536386837,"D"
26.4007423150672,-28.5965089823412,3,"yes",1.84731018429148,"B"
26.3987929894512,-28.6019316072986,5,"no",1.80668698015582,"D"
26.4002611320468,-28.6038155365505,4,"no",1.85331609401611,"D"
26.3997864628495,-28.5996301944167,5,"yes",1.69252153600605,"B"
26.3985356845105,-28.6025802216921,10,"no",1.73652390913678,"D"
26.3979460681884,-28.6003442261509,3,"yes",1.61223756228261,"A"
26.3995379096143,-28.594783490068,4,"yes",1.72209394876204,"B"
26.3988770000582,-28.6026372064423,5,"no",1.66941149872715,"D"
26.4031995392047,-28.5967628122535,3,"yes",1.71282238774539,"B"
26.3968666618579,-28.5951128961746,4,"yes",1.67859177391741,"B"
26.4003783634263,-28.6007129438635,6,"no",1.78413599818591,"D"
26.3999823604669,-28.5965740191446,7,"yes",1.76986721004445,"B"
26.3995387965748,-28.6007165489596,4,"no",1.89649205521555,"D"
26.4022862041997,-28.5982056945806,16,"no",1.79164301280049,"C"
26.4010779439875,-28.5972645745977,3,"yes",1.65858876315441,"B"
26.3972100317011,-28.5994300512828,3,"yes",1.76986171898143,"A"
26.3981666796964,-28.602326749934,8,"no",1.66846106019407,"D"
26.3974779179151,-28.5974006134077,3,"yes",1.64646149748996,"B"
26.4012233297691,-28.5974188082576,5,"yes",1.96578782143943,"B"
26.403117917676,-28.6011528549342,5,"no",1.76638259508776,"C"
26.3972070992389,-28.605626310759,7,"no",1.75216044952923,"D"
26.4021711169264,-28.606030267934,10,"no",1.83153681672816,"D"
26.4023375159367,-28.5968555594614,4,"yes",1.87236437945797,"B"
26.4014359715132,-28.5991957606411,3,"no",1.90304817346793,"C"
26.3995870768439,-28.5994013838153,3,"no",1.55365959383108,"B"
26.3984293956235,-28.5944795587291,3,"yes",1.77962365497495,"B"
26.400248466649,-28.6037895535856,9,"no",1.78595134875662,"D"
26.3969867918486,-28.5975882405578,3,"yes",1.8990341091738,"A"
26.3971909561631,-28.6025209130045,5,"yes",1.74489750474139,"A"
26.4009369068748,-28.5992234303519,3,"no",1.74890160096505,"C"
26.3970465061374,-28.5994065319863,2,"yes",1.80843146151431,"A"
26.4002600845421,-28.5978070731957,4,"yes",1.61578199940745,"B"
26.3997000556551,-28.6032154861484,5,"no",1.64626959539638,"D"
26.4005968235061,-28.5998558748006,4,"no",1.93261650462147,"C"
26.4006193044264,-28.5981580859406,2,"yes",1.7448803138597,"B"
26.4015342018913,-28.5983202700937,2,"yes",1.83341718784616,"B"
26.4013080178155,-28.6007452124813,3,"no",1.75090771813275,"C"
26.4007089124032,-28.598003610482,4,"yes",2.01203146052228,"B"
26.3998802500684,-28.5983686603939,2,"yes",1.55893415655613,"B"
26.3984391545135,-28.6002040621497,2,"yes",1.91845367808586,"A"
26.4014832036629,-28.5984563821312,2,"no",1.66019933610979,"B"
26.3981433163328,-28.5994204289596,3,"yes",1.80986573743857,"A"
26.3982775881184,-28.6032778138946,4,"no",1.49700699360241,"D"
26.4005249431003,-28.6023193491391,6,"no",1.7051922383498,"D"
26.3999333684083,-28.594597673115,4,"no",1.93811399999145,"B"
26.3997230109029,-28.6047081321065,4,"no",1.82202246463402,"D"
26.4008545125591,-28.6028171482567,6,"no",2.08465017985002,"D"
26.3972447138259,-28.6058405299087,6,"no",2.05096920941234,"D"
26.3989928812011,-28.6029510931828,4,"no",1.81895948874446,"D"
26.3977495619693,-28.5960754602329,6,"yes",1.72087761010417,"B"
26.4023888619174,-28.5978121424737,3,"no",1.74223937036423,"C"
26.3964026049129,-28.5996645011042,2,"no",1.80309257434716,"A"
26.397816486138,-28.5938819754981,10,"yes",1.7151854802027,"B"
26.3975101492478,-28.6050284266394,6,"no",1.81722146598748,"D"
26.402985463341,-28.5944473652931,6,"yes",1.7230221598201,"B"
26.3982451623282,-28.598051946106,6,"no",1.72325695727705,"B"
26.4003887852519,-28.6043129225921,11,"no",1.83687478873441,"D"
26.3978895203024,-28.605089182767,5,"no",1.98429930830701,"D"
26.3995349818765,-28.6028362833742,5,"no",1.67455912701174,"D"
26.3995613662313,-28.6050631218197,6,"no",1.81168038943194,"D"
26.4019630890532,-28.6034116031678,5,"no",1.48563887841488,"D"
26.3990638406896,-28.5957998007534,5,"yes",1.8324092577095,"B"
26.4038622734186,-28.5991349618492,6,"no",1.82075532684279,"C"
26.4012803045374,-28.5993647056972,6,"no",1.87322001805316,"C"
26.4014426345448,-28.5984055606733,4,"no",1.74170168587456,"B"
26.4011277304575,-28.5978353593717,2,"no",1.93028075726166,"B"
26.4017555095353,-28.5968443588718,2,"yes",1.7332156039789,"B"
26.3988136753358,-28.5979907246839,4,"yes",1.73771495636234,"B"
26.4013982831828,-28.5965811166074,5,"yes",1.93153479859716,"B"
26.4015993650202,-28.600243985548,5,"no",1.7254006405273,"C"
26.4014642474343,-28.5964677757108,4,"yes",1.52090808497511,"B"
26.4019740842731,-28.5988492213323,3,"no",1.5497892331862,"C"
26.4007106146233,-28.6013568290119,8,"no",1.77525405022451,"D"
26.402116109297,-28.6015554331273,7,"no",1.64846662932354,"C"
26.3967159345248,-28.5984759732584,2,"yes",1.80518402951368,"A"
26.4017135659567,-28.6055863454322,7,"no",1.72043933178631,"D"
26.3996131015158,-28.6019298619534,5,"no",1.58574261630102,"D"
26.3994857639864,-28.5927957942818,5,"no",2.13731191504323,"B"
26.4008403213746,-28.5945849996316,3,"no",1.68502112772046,"B"
26.3999335262758,-28.5957479759784,5,"no",1.61210576598254,"B"
26.4013978625556,-28.6059543548763,8,"no",1.95161790602645,"D"
26.4021396332867,-28.6061389897959,6,"no",2.00878075658929,"D"
26.3969537158936,-28.6031369093631,8,"no",1.7079990326521,"D"
26.4005359840172,-28.6048694686145,6,"no",1.53768637123261,"D"
26.4004704019348,-28.5990974233349,3,"yes",1.59077571162895,"B"
26.3982432583042,-28.6011645784262,2,"yes",2.13032159796367,"A"
26.4063489319286,-28.5983883792802,3,"no",1.74177326782741,"C"
26.4025513430733,-28.5984309871859,7,"no",1.23497802775664,"C"
26.4027032772321,-28.5986890447421,4,"no",1.85763635097394,"C"
26.3996591389377,-28.5993550812714,2,"no",1.62043639149807,"B"
26.4003302849432,-28.5991691722691,2,"yes",1.8356627561926,"B"
26.401472638043,-28.6014656473916,5,"no",1.79930806488632,"D"
26.4010186904709,-28.6077713925809,4,"no",1.52996476062613,"D"
26.3979364517715,-28.6027840326301,9,"no",1.65351706813966,"D"
26.4007042921747,-28.5946947622161,2,"no",1.63511764043378,"B"
26.401518330322,-28.6045092811834,8,"no",1.73252993190627,"D"
26.4000537696897,-28.5977513741646,5,"yes",1.71044953322381,"B"
26.3983751444111,-28.5976554570246,4,"yes",1.83565345982038,"B"
26.3989460856617,-28.6039043454345,6,"no",1.57479354638128,"D"
26.4025698411256,-28.5977456506765,7,"no",1.84860481482926,"C"
26.4024698188018,-28.602735286592,5,"no",1.42852713218421,"D"
26.3994677987039,-28.6064122398911,4,"no",2.02005328446073,"D"
26.4015834683448,-28.6028317793785,7,"no",1.66493317567067,"D"
26.3976423614393,-28.601431540339,6,"yes",1.53137653724161,"A"
26.3994301898903,-28.6001706675183,2,"yes",1.8173856015407,"A"
26.4031139575281,-28.5988562736484,4,"no",1.76749606510511,"C"
26.3952443179075,-28.5993048479239,4,"no",1.4970318672255,"A"
26.4010216750154,-28.5973651565149,4,"yes",1.67231659970599,"B"
26.3998045485665,-28.5936208028116,3,"no",1.64029201792522,"B"
26.3989703146118,-28.6016573361487,5,"no",1.67410197832974,"D"
26.3986009123985,-28.6040033559331,4,"no",1.66606155774381,"D"
26.399172900488,-28.5975341778394,3,"yes",1.77026962830927,"B"
26.4006496987712,-28.6011514304485,4,"no",1.61891814364974,"D"
26.4008967262093,-28.6030460191287,4,"no",1.79564948366057,"D"
26.4025330903793,-28.5995083629335,6,"no",1.63201817920681,"C"
26.3992769232923,-28.5998458573974,3,"no",1.71732917031703,"A"
26.3944580153633,-28.5959437890576,4,"yes",1.7384359322223,"A"
26.3980383837725,-28.6017492421397,1,"no",1.66074224885737,"A"
26.4024737241028,-28.6014896560757,6,"no",1.86738206079345,"C"
26.3981262137905,-28.6019663590534,6,"no",1.58800934861233,"D"
26.4001585882139,-28.6034549868207,5,"no",1.83972103979896,"D"
26.4000941032706,-28.6001682872389,4,"no",1.82194940495852,"D"
26.4023656615668,-28.5935758726534,4,"no",1.64065727878617,"B"
26.4006409089648,-28.6015189771384,4,"no",1.51916902514066,"D"
26.3999128128891,-28.5966201166066,4,"yes",1.77570323769227,"B"
26.4008233848409,-28.5980796760726,2,"yes",1.70106254270488,"B"
26.3978844659535,-28.6006176996982,2,"no",1.73490748044028,"A"
26.3984540268881,-28.6042470488142,4,"no",1.75149444621061,"D"
26.3997017643624,-28.6022371907151,4,"no",1.53898222429762,"D"
26.3961111394029,-28.597536404351,2,"yes",1.65849968818522,"A"
26.3990579170387,-28.6013498383473,12,"no",1.79712400280379,"D"
26.400029877486,-28.5966622954733,5,"no",1.64471408821439,"B"
26.4043149547292,-28.6056568176939,4,"no",1.51130192015999,"D"
26.3990518134089,-28.6001211550567,2,"yes",1.55544257177003,"A"
26.4016418861764,-28.5981393479288,7,"no",1.79261064512283,"B"
26.3985436323866,-28.603568234565,8,"no",1.98532609000642,"D"
26.4020497455161,-28.6002995848417,6,"no",1.98082923653246,"C"
26.4024516905679,-28.5999456855656,4,"no",1.81507107718537,"C"
26.4004046009057,-28.601634863749,4,"no",1.75214501729551,"D"
26.4038644913311,-28.6016703631775,3,"no",1.81779506998486,"C"
26.4010092956939,-28.6045189405756,4,"no",1.87507035580308,"D"
26.3985569582332,-28.6070086744427,5,"no",2.07674329604333,"D"
26.4008886341286,-28.5975521088077,2,"yes",1.80754152609536,"B"
26.3997257714715,-28.5976316896234,3,"yes",1.8623747055796,"B"
26.3958579872523,-28.6007060023744,2,"yes",2.05561441233121,"A"
26.3970006867564,-28.5976450374609,10,"yes",1.69535897136064,"A"
26.3959542991531,-28.596352850935,4,"no",1.56723701773309,"A"
26.3967995847974,-28.605098427213,4,"no",1.60011163791187,"D"
26.3984902287702,-28.6038996953475,10,"no",1.47938061842867,"D"
26.3985654660205,-28.5997190445991,2,"yes",1.8360260752009,"A"
26.3982040129961,-28.606016038911,6,"no",1.77646157184915,"D"
26.4010544100847,-28.6018207239109,5,"no",1.82591057423102,"D"
26.398404175626,-28.5941020899236,4,"no",1.68548649111084,"B"
26.3943733095181,-28.5962000288118,1,"no",1.80631100375725,"A"
26.4013698289376,-28.6005759299419,4,"no",1.87947573457152,"C"
26.4035015682208,-28.6015917077379,4,"no",1.77343291772827,"C"
26.3995840818354,-28.5972066735322,2,"yes",1.95842483854898,"B"
26.4009243353362,-28.596968162625,8,"yes",1.79358225183596,"B"
26.4051735525704,-28.6005422179031,6,"no",1.60264798261237,"C"
26.4022166568033,-28.6018353720097,13,"no",1.63015674673625,"C"
26.3966709268691,-28.5960333995505,2,"no",1.93630122722053,"B"
26.4010853912134,-28.6051684627255,6,"no",1.54424804682399,"D"
26.4023226653478,-28.5962164030723,2,"yes",1.61986564915378,"B"
26.402084576027,-28.5926001669058,3,"yes",1.95082887206007,"B"
26.3987109424587,-28.6057384594975,5,"no",2.08708779353085,"D"
26.3946229631255,-28.5985426171551,1,"yes",1.74604640749581,"A"
26.4007457395812,-28.5995263617319,5,"no",1.8356654047039,"C"
26.399920501913,-28.5999904613623,3,"yes",2.04057320430597,"A"
26.3995392859446,-28.5994392918486,6,"yes",1.83436514210773,"B"
26.4005482510419,-28.603015488265,5,"no",1.72057986935838,"D"
26.4010779895267,-28.6058661375604,8,"no",2.08928568795709,"D"
26.3979702243531,-28.6031066466151,8,"no",1.82351220362304,"D"
26.3979866497926,-28.5990600964676,1,"no",1.86037868605875,"A"
26.3985945600851,-28.5962506481098,9,"no",1.80689551703812,"B"
26.4019704117788,-28.5998052294764,7,"no",1.88889095328761,"C"
26.3975633904516,-28.6007075521414,3,"yes",1.54825223667732,"A"
26.4012646627319,-28.6054553028309,5,"no",1.79853453748671,"D"
26.3969941785871,-28.6000532301041,4,"no",1.3751805686679,"A"
26.3997310923355,-28.6074552241656,7,"no",1.66739836478442,"D"
26.4005370787267,-28.6010375469036,5,"no",1.58781184924832,"D"
26.4015143279759,-28.5967648142714,3,"no",1.70083960135847,"B"
26.4013185005097,-28.5992317222817,5,"no",1.79243617542662,"C"
26.3999884297322,-28.5983519322138,9,"yes",1.56816036077844,"B"
26.4008521131012,-28.5983457070955,5,"yes",1.75788063223997,"B"
26.4025727250276,-28.6010439992637,4,"no",1.91583753819039,"C"
26.4001293172852,-28.6037821502736,5,"no",1.72681731458548,"D"
26.3971762642818,-28.5964025061704,2,"no",1.82734098434562,"B"
26.4003880148134,-28.6055521711028,6,"no",1.61063454918083,"D"
26.400760374339,-28.6028768447481,5,"no",1.68676137413583,"D"
26.398850417458,-28.5979534480112,2,"yes",1.68649030246595,"B"
26.3968538603428,-28.6037272619921,4,"no",2.05247980703346,"D"
26.4006474218485,-28.6018715536058,5,"no",1.78404384654315,"D"
26.3970059414891,-28.6055029200157,7,"no",1.79451239236744,"D"
26.4033895635141,-28.6023025125287,4,"no",1.64309455659825,"C"
26.3955247447032,-28.6043944280041,4,"no",1.88845140356116,"A"
26.4013167617257,-28.5964875272909,5,"yes",1.54477202958607,"B"
26.4031618149518,-28.5947327151549,2,"no",1.4031959448204,"B"
26.4027312277745,-28.6027023476124,4,"no",1.90830152186132,"C"
26.3986300721679,-28.6026806259942,4,"no",1.98322947336355,"D"
26.4038218609102,-28.5970949811196,3,"no",1.77566989013212,"C"
26.3992859141127,-28.597364556499,5,"yes",1.63859653283764,"B"
26.3976862888703,-28.6011988822404,3,"yes",1.7003570483535,"A"
26.3957419280887,-28.5963701576911,6,"yes",2.01380932970995,"A"
26.4017890595255,-28.6041708219891,5,"no",1.95732384386823,"D"
26.3968667338819,-28.5966725020997,8,"no",1.85301383069452,"B"
26.3976494629108,-28.6056193698342,6,"no",1.60456770509068,"D"
26.3997433763633,-28.6035122434837,5,"no",1.84356606931289,"D"
26.3953689778793,-28.604977117245,8,"no",1.5869765512449,"D"
26.39875310145,-28.5938590387995,3,"yes",2.03447910648837,"B"
26.3985086950852,-28.6018943710362,7,"no",1.72926730664307,"D"
26.4004140758413,-28.6013654035907,7,"no",1.57385604729872,"D"
26.4017055681251,-28.5974591075745,2,"yes",2.04984561150681,"B"
26.4003436390032,-28.6036268482548,5,"no",1.72868247354888,"D"
26.4021066182373,-28.5979777477985,6,"no",1.83429120014119,"C"
26.4014345326557,-28.5993932009988,3,"no",1.87835096862727,"C"
26.3990497763943,-28.6053446900714,5,"no",1.65506861592093,"D"
26.401729563459,-28.5965929926797,8,"yes",1.45903773798032,"B"
26.4022477028907,-28.6003273500031,7,"no",1.55592866780199,"C"
26.4025346159213,-28.6003927130877,3,"no",1.89153501441914,"C"
26.3989754196491,-28.5992002262928,1,"yes",1.77629454592085,"A"
26.397589996558,-28.5944219013778,2,"no",1.73523322927606,"B"
26.3991633355027,-28.6044922118353,6,"no",1.60568153377443,"D"
26.3991498593267,-28.600700838922,1,"yes",1.55602157355979,"A"
26.4015032856413,-28.6044309955964,5,"no",1.64436949016673,"D"
26.4007696093365,-28.6025421013493,9,"no",1.98982352629031,"D"
26.3960157333157,-28.5953762769752,10,"yes",2.00201703384433,"B"
26.4015157638069,-28.5967573549404,3,"yes",1.75100758492768,"B"
26.4004104694359,-28.5953693577945,2,"yes",2.1850254648328,"B"
26.3988899674681,-28.5956222775478,3,"yes",1.72850540615665,"B"
26.3983744205881,-28.5968276392045,5,"no",1.71513017626947,"B"
26.3997284003269,-28.6030195045045,4,"no",1.43559684958344,"D"
26.400430941976,-28.6014988206343,7,"no",1.89642407779238,"D"
26.4025930299564,-28.5990090585232,3,"no",1.69958113066139,"C"
26.3995648074313,-28.5994217031768,2,"yes",1.99733390680708,"B"
26.4010004334305,-28.5963407397187,3,"no",1.57642355874768,"B"
26.3997804103084,-28.5933419134064,6,"no",1.5900927784747,"B"
26.4000223453077,-28.5994352946103,3,"yes",1.65889323414523,"B"
26.3995970511556,-28.6041331332277,6,"no",1.84953285539847,"D"
26.3961715800271,-28.5964299988763,3,"yes",1.82783181232179,"A"
26.3995423860491,-28.6030952924894,4,"no",1.75967527577919,"D"
26.3997541811926,-28.6035261771187,4,"no",1.77548730885653,"D"
26.4003734418834,-28.5975559709683,4,"no",1.90783224617626,"B"
26.4003054067725,-28.5955834587555,3,"yes",1.90785532964325,"B"
26.399949140239,-28.6057086777359,4,"no",1.69416042641862,"D"
26.402654161894,-28.60012548764,8,"no",1.82746393335232,"C"
26.4016168257134,-28.5988059439597,3,"no",1.56802589844337,"C"
26.3971863079591,-28.5999191276711,2,"no",1.54888487045384,"A"
26.400538918132,-28.5982086010995,4,"no",1.79388937189056,"B"
26.3983900598371,-28.6014943464901,1,"no",1.72584424579408,"A"
26.400602441087,-28.6005569833706,8,"no",1.54579888377133,"C"
26.3996303376938,-28.5961560919677,3,"no",1.6816647670019,"B"
26.3968795037525,-28.5978533186582,1,"no",1.95198720524402,"A"
26.4012528021962,-28.6023012227587,9,"no",1.68335922034527,"D"
26.3996840535491,-28.6011361674977,5,"no",1.72196201253575,"D"
26.3974446835135,-28.5957206419979,5,"no",1.58441312543375,"B"
26.4003339101507,-28.6061350191604,5,"no",1.72096325273647,"D"
26.4013766301564,-28.5979482427984,5,"yes",1.66221097373472,"B"
26.4014033551863,-28.5961034546462,2,"yes",1.92310530514797,"B"
26.4020626419966,-28.5963243080107,3,"no",1.6129800926871,"B"
26.3971826761617,-28.5992691673522,3,"no",1.87731576609475,"A"
26.397998237628,-28.6004330569344,7,"yes",1.60657385267145,"A"
26.4003724067983,-28.594965956975,3,"yes",1.24991768539229,"B"
26.4010339612768,-28.6077126002711,4,"no",1.62537554845484,"D"
26.401894946094,-28.6021449843341,6,"no",1.83980443103059,"D"
26.4007806930217,-28.6046558239735,5,"no",1.86996070648475,"D"
26.400369871052,-28.5984350843401,4,"yes",1.81318291539614,"B"
26.3995335726719,-28.5994862419831,3,"no",1.64243065087035,"B"
26.3997909924588,-28.6062151902765,6,"no",1.7677526461146,"D"
26.3970797017481,-28.5993160820765,5,"yes",1.52939039626276,"A"
26.3966886916156,-28.5934239679918,2,"yes",1.71614699078255,"B"
26.4003126549159,-28.6018580335427,4,"no",2.05103512413243,"D"
26.4044523030898,-28.6022315600964,5,"no",1.66965903300878,"C"
26.3984315889463,-28.6044017694964,7,"no",1.66247029966224,"D"
